Workbook

Sheet Summary
A1: Creator vendor fill — 2026-08
A2: Monthly run · freshness measured at 2026-08-31
A4: Creators requested | B4: =COUNTA(Creators!A5:A804) -> 800
A5: Channels requested | B5: =COUNTA(Channels!A5:A1893) -> 1889
A6: Creators complete (on leaderboard) | B6: =COUNTIF(Creators!H5:H804,"Yes") -> 355
A7: Share of creators complete | B7: =IFERROR(B6/B4,0) -> 0.44375
A8: Requested channels complete | B8: =COUNTIF(Channels!M5:M1893,"Yes") -> 1332
A9: Share of channels complete | B9: =IFERROR(B8/B5,0) -> 0.70513499
A10: Missing items (see Gaps) | B10: =COUNTA(Gaps!A5:A577) -> 573
A11: Tier order used | B11: T1 vendor_b → T2 vendor_a → T3 vendor_c
A14: Files this month (recognised automatically)
A15: File | B15: Recognised as | C15: Match | D15: Notes
A16: Aug request.xlsx | B16: request list | C16: 1
A17: Book1.xlsx | B17: vendor_c | C17: 0.875 | D17: new unused column(s): notes
A18: creator_data_0812.xlsx | B18: vendor_a | C18: 0.9
A19: social_export_aug.xlsx | B19: vendor_b | C19: 0.9
A21: Primary role of complete creators
A22: Pillar | B22: Creators | C22: Who it finds
A23: The Pulse | B23: =COUNTIF(Leaderboard!M5:M525,A23) -> 131 | C23: Attention: Creators who drive awareness and visibility
A24: The Lens | B24: =COUNTIF(Leaderboard!M5:M525,A24) -> 122 | C24: Affiliation: Creators who establish credibility and in-the-know appeal
A25: The Hub | B25: =COUNTIF(Leaderboard!M5:M525,A25) -> 102 | C25: Action: Creators who influence community participation and behavior
A27: Creators by number of channels requested
A28: Channels requested | B28: Creators | C28: Complete | D28: Share complete
A29: 3 of 3 | B29: =COUNTIF(Creators!$G$5:$G$804,"*/3") -> 465 | C29: =COUNTIFS(Creators!$G$5:$G$804,"*/3",Creators!$H$5:$H$804,"Yes") -> 171 | D29: =IFERROR(C29/B29,0) -> 0.36774194
A30: 2 of 3 | B30: =COUNTIF(Creators!$G$5:$G$804,"*/2") -> 159 | C30: =COUNTIFS(Creators!$G$5:$G$804,"*/2",Creators!$H$5:$H$804,"Yes") -> 71 | D30: =IFERROR(C30/B30,0) -> 0.44654088
A31: 1 of 3 | B31: =COUNTIF(Creators!$G$5:$G$804,"*/1") -> 176 | C31: =COUNTIFS(Creators!$G$5:$G$804,"*/1",Creators!$H$5:$H$804,"Yes") -> 113 | D31: =IFERROR(C31/B31,0) -> 0.64204545
A33: Requested channels
A34: Channel | B34: Requested | C34: Complete after last tier
A35: instagram | B35: 628 | C35: 0.6783
A36: tiktok | B36: 636 | C36: 0.6053
A37: youtube | B37: 625 | C37: 0.8336
A39: Colour key
A40: Tier 1 value
A41: Tier 2 value
A42: Tier 3 value
A43: Still missing

Sheet Leaderboard
A1: Creator Leaderboard — The Pulse · The Lens · The Hub
A2: Scores are 0–100 percentiles: each channel is compared with requested channels on the same platform (growth also within follower-size band), then averaged over the creator's requested channels. Blank Hub score = likes hidden on every channel.
A4: Creator | B4: Creator ID | C4: Country | D4: Category | E4: Channels | F4: Total followers | G4: The Pulse score | H4: The Pulse rank | I4: The Lens score | J4: The Lens rank | K4: The Hub score | L4: The Hub rank | M4: Primary role | N4: Confidence | O4: Sources
A5: Creator 1133 | B5: CR01133 | C5: CA | D5: education | E5: instagram | F5: 655880 | G5: 99.2 | H5: =IF(G5="","",RANK(G5,$G$5:$G$359)) -> 1 | I5: 5 | J5: =IF(I5="","",RANK(I5,$I$5:$I$359)) -> 350 | K5: 97.7 | L5: =IF(K5="","",RANK(K5,$K$5:$K$359)) -> 3 | M5: =IF(AND(N(G5)>=N(I5),N(G5)>=N(K5)),"The Pulse",IF(N(I5)>=N(K5),"The Lens","The Hub")) -> The Pulse | N5: High | O5: vendor_b
A6: Creator 85 | B6: CR00085 | C6: FR | D6: beauty | E6: youtube | F6: 6232 | G6: 98.6 | H6: =IF(G6="","",RANK(G6,$G$5:$G$359)) -> 2 | I6: 48.8 | J6: =IF(I6="","",RANK(I6,$I$5:$I$359)) -> 185 | K6: 50.4 | L6: =IF(K6="","",RANK(K6,$K$5:$K$359)) -> 165 | M6: =IF(AND(N(G6)>=N(I6),N(G6)>=N(K6)),"The Pulse",IF(N(I6)>=N(K6),"The Lens","The Hub")) -> The Pulse | N6: Medium | O6: vendor_a
A7: Creator 711 | B7: CR00711 | C7: BR | D7: fitness | E7: youtube | F7: 31387 | G7: 97.5 | H7: =IF(G7="","",RANK(G7,$G$5:$G$359)) -> 3 | I7: 78.2 | J7: =IF(I7="","",RANK(I7,$I$5:$I$359)) -> 44 | K7: 57 | L7: =IF(K7="","",RANK(K7,$K$5:$K$359)) -> 127 | M7: =IF(AND(N(G7)>=N(I7),N(G7)>=N(K7)),"The Pulse",IF(N(I7)>=N(K7),"The Lens","The Hub")) -> The Pulse | N7: Medium | O7: vendor_a
A8: Creator 1332 | B8: CR01332 | C8: JP | D8: food | E8: instagram | F8: 2350 | G8: 96.2 | H8: =IF(G8="","",RANK(G8,$G$5:$G$359)) -> 4 | I8: 26.8 | J8: =IF(I8="","",RANK(I8,$I$5:$I$359)) -> 301 | L8: =IF(K8="","",RANK(K8,$K$5:$K$359)) | M8: =IF(AND(N(G8)>=N(I8),N(G8)>=N(K8)),"The Pulse",IF(N(I8)>=N(K8),"The Lens","The Hub")) -> The Pulse | N8: Medium | O8: vendor_a, vendor_b
A9: Creator 41 | B9: CR00041 | C9: IN | D9: beauty | E9: instagram, youtube | F9: 195709 | G9: 95.4 | H9: =IF(G9="","",RANK(G9,$G$5:$G$359)) -> 5 | I9: 47.8 | J9: =IF(I9="","",RANK(I9,$I$5:$I$359)) -> 197 | K9: 69 | L9: =IF(K9="","",RANK(K9,$K$5:$K$359)) -> 59 | M9: =IF(AND(N(G9)>=N(I9),N(G9)>=N(K9)),"The Pulse",IF(N(I9)>=N(K9),"The Lens","The Hub")) -> The Pulse | N9: Medium | O9: vendor_a, vendor_b
A10: Creator 246 | B10: CR00246 | C10: US | E10: instagram | F10: 132660 | G10: 94.9 | H10: =IF(G10="","",RANK(G10,$G$5:$G$359)) -> 6 | I10: 34.3 | J10: =IF(I10="","",RANK(I10,$I$5:$I$359)) -> 268 | K10: 48.5 | L10: =IF(K10="","",RANK(K10,$K$5:$K$359)) -> 178 | M10: =IF(AND(N(G10)>=N(I10),N(G10)>=N(K10)),"The Pulse",IF(N(I10)>=N(K10),"The Lens","The Hub")) -> The Pulse | N10: High | O10: vendor_b
A11: Creator 357 | B11: CR00357 | C11: MX | D11: beauty | E11: instagram, tiktok, youtube | F11: 418556 | G11: 94.7 | H11: =IF(G11="","",RANK(G11,$G$5:$G$359)) -> 7 | I11: 73.8 | J11: =IF(I11="","",RANK(I11,$I$5:$I$359)) -> 60 | K11: 34.9 | L11: =IF(K11="","",RANK(K11,$K$5:$K$359)) -> 270 | M11: =IF(AND(N(G11)>=N(I11),N(G11)>=N(K11)),"The Pulse",IF(N(I11)>=N(K11),"The Lens","The Hub")) -> The Pulse | N11: Medium | O11: vendor_a, vendor_b
A12: Creator 1263 | B12: CR01263 | C12: CA | D12: finance | E12: tiktok | F12: 43020 | G12: 94.1 | H12: =IF(G12="","",RANK(G12,$G$5:$G$359)) -> 8 | I12: 43.6 | J12: =IF(I12="","",RANK(I12,$I$5:$I$359)) -> 222 | K12: 73.7 | L12: =IF(K12="","",RANK(K12,$K$5:$K$359)) -> 47 | M12: =IF(AND(N(G12)>=N(I12),N(G12)>=N(K12)),"The Pulse",IF(N(I12)>=N(K12),"The Lens","The Hub")) -> The Pulse | N12: High | O12: vendor_b
A13: Creator 182 | B13: CR00182 | C13: US | D13: gaming | E13: tiktok, youtube | F13: 173264 | G13: 93.8 | H13: =IF(G13="","",RANK(G13,$G$5:$G$359)) -> 9 | I13: 71.6 | J13: =IF(I13="","",RANK(I13,$I$5:$I$359)) -> 66 | K13: 68.5 | L13: =IF(K13="","",RANK(K13,$K$5:$K$359)) -> 61 | M13: =IF(AND(N(G13)>=N(I13),N(G13)>=N(K13)),"The Pulse",IF(N(I13)>=N(K13),"The Lens","The Hub")) -> The Pulse | N13: Medium | O13: vendor_a, vendor_b
A14: Creator 20 | B14: CR00020 | C14: FR | D14: beauty | E14: youtube | F14: 5060 | G14: 92.8 | H14: =IF(G14="","",RANK(G14,$G$5:$G$359)) -> 10 | I14: 25 | J14: =IF(I14="","",RANK(I14,$I$5:$I$359)) -> 303 | K14: 6.3 | L14: =IF(K14="","",RANK(K14,$K$5:$K$359)) -> 343 | M14: =IF(AND(N(G14)>=N(I14),N(G14)>=N(K14)),"The Pulse",IF(N(I14)>=N(K14),"The Lens","The Hub")) -> The Pulse | N14: Low | O14: vendor_a, vendor_c
A15: Creator 699 | B15: CR00699 | C15: CA | D15: beauty | E15: tiktok | F15: 30230 | G15: 92.5 | H15: =IF(G15="","",RANK(G15,$G$5:$G$359)) -> 11 | I15: 38.5 | J15: =IF(I15="","",RANK(I15,$I$5:$I$359)) -> 248 | K15: 94.7 | L15: =IF(K15="","",RANK(K15,$K$5:$K$359)) -> 7 | M15: =IF(AND(N(G15)>=N(I15),N(G15)>=N(K15)),"The Pulse",IF(N(I15)>=N(K15),"The Lens","The Hub")) -> The Hub | N15: High | O15: vendor_b
A16: Creator 361 | B16: CR00361 | C16: GB | D16: fitness | E16: tiktok, youtube | F16: 67965 | G16: 91.8 | H16: =IF(G16="","",RANK(G16,$G$5:$G$359)) -> 12 | I16: 36.4 | J16: =IF(I16="","",RANK(I16,$I$5:$I$359)) -> 258 | K16: 47.5 | L16: =IF(K16="","",RANK(K16,$K$5:$K$359)) -> 186 | M16: =IF(AND(N(G16)>=N(I16),N(G16)>=N(K16)),"The Pulse",IF(N(I16)>=N(K16),"The Lens","The Hub")) -> The Pulse | N16: Medium | O16: vendor_a, vendor_b
A17: Creator 497 | B17: CR00497 | C17: MX | E17: instagram | F17: 19100 | G17: 91.7 | H17: =IF(G17="","",RANK(G17,$G$5:$G$359)) -> 13 | I17: 52.6 | J17: =IF(I17="","",RANK(I17,$I$5:$I$359)) -> 164 | K17: 34 | L17: =IF(K17="","",RANK(K17,$K$5:$K$359)) -> 276 | M17: =IF(AND(N(G17)>=N(I17),N(G17)>=N(K17)),"The Pulse",IF(N(I17)>=N(K17),"The Lens","The Hub")) -> The Pulse | N17: High | O17: vendor_b
A18: Creator 423 | B18: CR00423 | C18: FR | D18: travel | E18: youtube | F18: 38310 | G18: 91.4 | H18: =IF(G18="","",RANK(G18,$G$5:$G$359)) -> 14 | I18: 80.5 | J18: =IF(I18="","",RANK(I18,$I$5:$I$359)) -> 35 | K18: 47.5 | L18: =IF(K18="","",RANK(K18,$K$5:$K$359)) -> 186 | M18: =IF(AND(N(G18)>=N(I18),N(G18)>=N(K18)),"The Pulse",IF(N(I18)>=N(K18),"The Lens","The Hub")) -> The Pulse | N18: High | O18: vendor_b
A19: Creator 1359 | B19: CR01359 | C19: DE | D19: tech | E19: instagram | F19: 33210 | G19: 89.8 | H19: =IF(G19="","",RANK(G19,$G$5:$G$359)) -> 15 | I19: 81.8 | J19: =IF(I19="","",RANK(I19,$I$5:$I$359)) -> 30 | K19: 59.4 | L19: =IF(K19="","",RANK(K19,$K$5:$K$359)) -> 110 | M19: =IF(AND(N(G19)>=N(I19),N(G19)>=N(K19)),"The Pulse",IF(N(I19)>=N(K19),"The Lens","The Hub")) -> The Pulse | N19: High | O19: vendor_b
A20: Creator 1118 | B20: CR01118 | C20: BR | D20: music | E20: instagram | F20: 14960 | G20: 87.9 | H20: =IF(G20="","",RANK(G20,$G$5:$G$359)) -> 16 | I20: 17.9 | J20: =IF(I20="","",RANK(I20,$I$5:$I$359)) -> 324 | L20: =IF(K20="","",RANK(K20,$K$5:$K$359)) | M20: =IF(AND(N(G20)>=N(I20),N(G20)>=N(K20)),"The Pulse",IF(N(I20)>=N(K20),"The Lens","The Hub")) -> The Pulse | N20: High | O20: vendor_b
A21: Creator 216 | B21: CR00216 | C21: BR | D21: music | E21: youtube | F21: 53974 | G21: 87.7 | H21: =IF(G21="","",RANK(G21,$G$5:$G$359)) -> 17 | I21: 44.5 | J21: =IF(I21="","",RANK(I21,$I$5:$I$359)) -> 215 | K21: 85.1 | L21: =IF(K21="","",RANK(K21,$K$5:$K$359)) -> 19 | M21: =IF(AND(N(G21)>=N(I21),N(G21)>=N(K21)),"The Pulse",IF(N(I21)>=N(K21),"The Lens","The Hub")) -> The Pulse | N21: Medium | O21: vendor_a
A22: Creator 481 | B22: CR00481 | C22: BR | D22: travel | E22: instagram | F22: 1207050 | G22: 86.8 | H22: =IF(G22="","",RANK(G22,$G$5:$G$359)) -> 18 | I22: 5.9 | J22: =IF(I22="","",RANK(I22,$I$5:$I$359)) -> 349 | K22: 6.5 | L22: =IF(K22="","",RANK(K22,$K$5:$K$359)) -> 342 | M22: =IF(AND(N(G22)>=N(I22),N(G22)>=N(K22)),"The Pulse",IF(N(I22)>=N(K22),"The Lens","The Hub")) -> The Pulse | N22: High | O22: vendor_b
A23: Creator 789 | B23: CR00789 | C23: GB | D23: gaming | E23: instagram, tiktok, youtube | F23: 117283 | G23: 86.7 | H23: =IF(G23="","",RANK(G23,$G$5:$G$359)) -> 19 | I23: 65.2 | J23: =IF(I23="","",RANK(I23,$I$5:$I$359)) -> 94 | K23: 61.8 | L23: =IF(K23="","",RANK(K23,$K$5:$K$359)) -> 96 | M23: =IF(AND(N(G23)>=N(I23),N(G23)>=N(K23)),"The Pulse",IF(N(I23)>=N(K23),"The Lens","The Hub")) -> The Pulse | N23: Low | O23: vendor_a, vendor_b, vendor_c
A24: Creator 238 | B24: CR00238 | C24: BR | D24: finance | E24: youtube | F24: 44236 | G24: 86.1 | H24: =IF(G24="","",RANK(G24,$G$5:$G$359)) -> 20 | I24: 74.7 | J24: =IF(I24="","",RANK(I24,$I$5:$I$359)) -> 52 | K24: 68.5 | L24: =IF(K24="","",RANK(K24,$K$5:$K$359)) -> 61 | M24: =IF(AND(N(G24)>=N(I24),N(G24)>=N(K24)),"The Pulse",IF(N(I24)>=N(K24),"The Lens","The Hub")) -> The Pulse | N24: Medium | O24: vendor_a
A25: Creator 305 | B25: CR00305 | C25: BR | D25: food | E25: tiktok, youtube | F25: 69424 | G25: 85.8 | H25: =IF(G25="","",RANK(G25,$G$5:$G$359)) -> 21 | I25: 12.7 | J25: =IF(I25="","",RANK(I25,$I$5:$I$359)) -> 338 | K25: 35.8 | L25: =IF(K25="","",RANK(K25,$K$5:$K$359)) -> 265 | M25: =IF(AND(N(G25)>=N(I25),N(G25)>=N(K25)),"The Pulse",IF(N(I25)>=N(K25),"The Lens","The Hub")) -> The Pulse | N25: Medium | O25: vendor_a, vendor_b
A26: Creator 1285 | B26: CR01285 | C26: FR | D26: travel | E26: youtube | F26: 54392 | G26: 84.5 | H26: =IF(G26="","",RANK(G26,$G$5:$G$359)) -> 22 | I26: 48.1 | J26: =IF(I26="","",RANK(I26,$I$5:$I$359)) -> 194 | K26: 62.7 | L26: =IF(K26="","",RANK(K26,$K$5:$K$359)) -> 90 | M26: =IF(AND(N(G26)>=N(I26),N(G26)>=N(K26)),"The Pulse",IF(N(I26)>=N(K26),"The Lens","The Hub")) -> The Pulse | N26: Medium | O26: vendor_a
A27: Creator 480 | B27: CR00480 | C27: CA | D27: gaming | E27: youtube | F27: 695720 | G27: 84.1 | H27: =IF(G27="","",RANK(G27,$G$5:$G$359)) -> 23 | I27: 78.3 | J27: =IF(I27="","",RANK(I27,$I$5:$I$359)) -> 43 | K27: 30.1 | L27: =IF(K27="","",RANK(K27,$K$5:$K$359)) -> 295 | M27: =IF(AND(N(G27)>=N(I27),N(G27)>=N(K27)),"The Pulse",IF(N(I27)>=N(K27),"The Lens","The Hub")) -> The Pulse | N27: Medium | O27: vendor_a
A28: Creator 1314 | B28: CR01314 | C28: MX | D28: travel | E28: instagram, tiktok, youtube | F28: 324450 | G28: 84 | H28: =IF(G28="","",RANK(G28,$G$5:$G$359)) -> 24 | I28: 56 | J28: =IF(I28="","",RANK(I28,$I$5:$I$359)) -> 151 | K28: 64.5 | L28: =IF(K28="","",RANK(K28,$K$5:$K$359)) -> 84 | M28: =IF(AND(N(G28)>=N(I28),N(G28)>=N(K28)),"The Pulse",IF(N(I28)>=N(K28),"The Lens","The Hub")) -> The Pulse | N28: Medium | O28: vendor_a, vendor_b
A29: Creator 627 | B29: CR00627 | C29: JP | D29: beauty | E29: instagram, tiktok, youtube | F29: 547829 | G29: 84 | H29: =IF(G29="","",RANK(G29,$G$5:$G$359)) -> 24 | I29: 14.1 | J29: =IF(I29="","",RANK(I29,$I$5:$I$359)) -> 333 | K29: 53.7 | L29: =IF(K29="","",RANK(K29,$K$5:$K$359)) -> 152 | M29: =IF(AND(N(G29)>=N(I29),N(G29)>=N(K29)),"The Pulse",IF(N(I29)>=N(K29),"The Lens","The Hub")) -> The Pulse | N29: Medium | O29: vendor_a, vendor_b
A30: Creator 1132 | B30: CR01132 | C30: DE | D30: education | E30: instagram, tiktok | F30: 114280 | G30: 83.2 | H30: =IF(G30="","",RANK(G30,$G$5:$G$359)) -> 26 | I30: 16.2 | J30: =IF(I30="","",RANK(I30,$I$5:$I$359)) -> 326 | K30: 43.8 | L30: =IF(K30="","",RANK(K30,$K$5:$K$359)) -> 208 | M30: =IF(AND(N(G30)>=N(I30),N(G30)>=N(K30)),"The Pulse",IF(N(I30)>=N(K30),"The Lens","The Hub")) -> The Pulse | N30: High | O30: vendor_b
A31: Creator 1325 | B31: CR01325 | C31: FR | D31: finance | E31: instagram, tiktok, youtube | F31: 188110 | G31: 83 | H31: =IF(G31="","",RANK(G31,$G$5:$G$359)) -> 27 | I31: 42.7 | J31: =IF(I31="","",RANK(I31,$I$5:$I$359)) -> 227 | K31: 64.9 | L31: =IF(K31="","",RANK(K31,$K$5:$K$359)) -> 83 | M31: =IF(AND(N(G31)>=N(I31),N(G31)>=N(K31)),"The Pulse",IF(N(I31)>=N(K31),"The Lens","The Hub")) -> The Pulse | N31: Medium | O31: vendor_a, vendor_b
A32: Creator 78 | B32: CR00078 | C32: GB | D32: comedy | E32: youtube | F32: 13930 | G32: 82.9 | H32: =IF(G32="","",RANK(G32,$G$5:$G$359)) -> 28 | I32: 36.7 | J32: =IF(I32="","",RANK(I32,$I$5:$I$359)) -> 257 | K32: 4.5 | L32: =IF(K32="","",RANK(K32,$K$5:$K$359)) -> 346 | M32: =IF(AND(N(G32)>=N(I32),N(G32)>=N(K32)),"The Pulse",IF(N(I32)>=N(K32),"The Lens","The Hub")) -> The Pulse | N32: Low | O32: vendor_b, vendor_c
... A113: Creator 570 | B113: CR00570 | C113: US | D113: finance | E113: instagram, tiktok, youtube | F113: 70481 | G113: 61.2 | H113: =IF(G113="","",RANK(G113,$G$5:$G$359)) -> 109 | I113: 70.9 | J113: =IF(I113="","",RANK(I113,$I$5:$I$359)) -> 68 | K113: 20.5 | L113: =IF(K113="","",RANK(K113,$K$5:$K$359)) -> 316 | M113: =IF(AND(N(G113)>=N(I113),N(G113)>=N(K113)),"The Pulse",IF(N(I113)>=N(K113),"The Lens","The Hub")) -> The Lens | N113: Medium | O113: vendor_a, vendor_b
A114: Creator 408 | B114: CR00408 | C114: MX | E114: instagram | F114: 120497 | G114: 61.1 | H114: =IF(G114="","",RANK(G114,$G$5:$G$359)) -> 110 | I114: 12.9 | J114: =IF(I114="","",RANK(I114,$I$5:$I$359)) -> 336 | K114: 85.8 | L114: =IF(K114="","",RANK(K114,$K$5:$K$359)) -> 17 | M114: =IF(AND(N(G114)>=N(I114),N(G114)>=N(K114)),"The Pulse",IF(N(I114)>=N(K114),"The Lens","The Hub")) -> The Hub | N114: Medium | O114: vendor_a
A115: Creator 180 | B115: CR00180 | C115: US | D115: music | E115: instagram, tiktok, youtube | F115: 88005 | G115: 60.9 | H115: =IF(G115="","",RANK(G115,$G$5:$G$359)) -> 111 | I115: 67.6 | J115: =IF(I115="","",RANK(I115,$I$5:$I$359)) -> 79 | K115: 56.4 | L115: =IF(K115="","",RANK(K115,$K$5:$K$359)) -> 135 | M115: =IF(AND(N(G115)>=N(I115),N(G115)>=N(K115)),"The Pulse",IF(N(I115)>=N(K115),"The Lens","The Hub")) -> The Lens | N115: Medium | O115: vendor_a, vendor_b
A116: Creator 1386 | B116: CR01386 | C116: BR | D116: food | E116: instagram | F116: 3737 | G116: 60.7 | H116: =IF(G116="","",RANK(G116,$G$5:$G$359)) -> 112 | I116: 81.7 | J116: =IF(I116="","",RANK(I116,$I$5:$I$359)) -> 31 | K116: 88.8 | L116: =IF(K116="","",RANK(K116,$K$5:$K$359)) -> 11 | M116: =IF(AND(N(G116)>=N(I116),N(G116)>=N(K116)),"The Pulse",IF(N(I116)>=N(K116),"The Lens","The Hub")) -> The Hub | N116: Medium | O116: vendor_a
A117: Creator 86 | B117: CR00086 | C117: US | D117: education | E117: instagram, tiktok, youtube | F117: 326218 | G117: 60.6 | H117: =IF(G117="","",RANK(G117,$G$5:$G$359)) -> 113 | I117: 33.6 | J117: =IF(I117="","",RANK(I117,$I$5:$I$359)) -> 270 | K117: 56.3 | L117: =IF(K117="","",RANK(K117,$K$5:$K$359)) -> 136 | M117: =IF(AND(N(G117)>=N(I117),N(G117)>=N(K117)),"The Pulse",IF(N(I117)>=N(K117),"The Lens","The Hub")) -> The Pulse | N117: Medium | O117: vendor_a, vendor_b
A118: Creator 709 | B118: CR00709 | C118: FR | D118: comedy | E118: instagram, tiktok, youtube | F118: 969434 | G118: 60.5 | H118: =IF(G118="","",RANK(G118,$G$5:$G$359)) -> 114 | I118: 33.3 | J118: =IF(I118="","",RANK(I118,$I$5:$I$359)) -> 273 | K118: 41.8 | L118: =IF(K118="","",RANK(K118,$K$5:$K$359)) -> 221 | M118: =IF(AND(N(G118)>=N(I118),N(G118)>=N(K118)),"The Pulse",IF(N(I118)>=N(K118),"The Lens","The Hub")) -> The Pulse | N118: Medium | O118: vendor_a, vendor_b
A119: Creator 552 | B119: CR00552 | C119: DE | D119: finance | E119: instagram, tiktok, youtube | F119: 295713 | G119: 60.4 | H119: =IF(G119="","",RANK(G119,$G$5:$G$359)) -> 115 | I119: 30.9 | J119: =IF(I119="","",RANK(I119,$I$5:$I$359)) -> 281 | K119: 36.2 | L119: =IF(K119="","",RANK(K119,$K$5:$K$359)) -> 263 | M119: =IF(AND(N(G119)>=N(I119),N(G119)>=N(K119)),"The Pulse",IF(N(I119)>=N(K119),"The Lens","The Hub")) -> The Pulse | N119: Medium | O119: vendor_a
A120: Creator 680 | B120: CR00680 | C120: IN | D120: beauty | E120: tiktok | F120: 76610 | G120: 60.3 | H120: =IF(G120="","",RANK(G120,$G$5:$G$359)) -> 116 | I120: 55.3 | J120: =IF(I120="","",RANK(I120,$I$5:$I$359)) -> 154 | K120: 30.5 | L120: =IF(K120="","",RANK(K120,$K$5:$K$359)) -> 292 | M120: =IF(AND(N(G120)>=N(I120),N(G120)>=N(K120)),"The Pulse",IF(N(I120)>=N(K120),"The Lens","The Hub")) -> The Pulse | N120: High | O120: vendor_b
A121: Creator 116 | B121: CR00116 | C121: US | D121: tech | E121: instagram | F121: 4540 | G121: 60.3 | H121: =IF(G121="","",RANK(G121,$G$5:$G$359)) -> 116 | I121: 57.7 | J121: =IF(I121="","",RANK(I121,$I$5:$I$359)) -> 138 | K121: 81.8 | L121: =IF(K121="","",RANK(K121,$K$5:$K$359)) -> 29 | M121: =IF(AND(N(G121)>=N(I121),N(G121)>=N(K121)),"The Pulse",IF(N(I121)>=N(K121),"The Lens","The Hub")) -> The Hub | N121: Medium | O121: vendor_a, vendor_b
A122: Creator 1253 | B122: CR01253 | C122: CA | D122: education | E122: instagram, tiktok, youtube | F122: 470063 | G122: 60.1 | H122: =IF(G122="","",RANK(G122,$G$5:$G$359)) -> 118 | I122: 44.9 | J122: =IF(I122="","",RANK(I122,$I$5:$I$359)) -> 212 | K122: 70.7 | L122: =IF(K122="","",RANK(K122,$K$5:$K$359)) -> 54 | M122: =IF(AND(N(G122)>=N(I122),N(G122)>=N(K122)),"The Pulse",IF(N(I122)>=N(K122),"The Lens","The Hub")) -> The Hub | N122: Medium | O122: vendor_a, vendor_b
A123: Creator 147 | B123: CR00147 | C123: CA | D123: comedy | E123: youtube | F123: 94724 | G123: 60 | H123: =IF(G123="","",RANK(G123,$G$5:$G$359)) -> 119 | I123: 20.1 | J123: =IF(I123="","",RANK(I123,$I$5:$I$359)) -> 318 | K123: 11.1 | L123: =IF(K123="","",RANK(K123,$K$5:$K$359)) -> 335 | M123: =IF(AND(N(G123)>=N(I123),N(G123)>=N(K123)),"The Pulse",IF(N(I123)>=N(K123),"The Lens","The Hub")) -> The Pulse | N123: Medium | O123: vendor_a
A124: Creator 624 | B124: CR00624 | C124: BR | D124: beauty | E124: tiktok | F124: 12740 | G124: 59.9 | H124: =IF(G124="","",RANK(G124,$G$5:$G$359)) -> 120 | I124: 46.5 | J124: =IF(I124="","",RANK(I124,$I$5:$I$359)) -> 203 | K124: 5.1 | L124: =IF(K124="","",RANK(K124,$K$5:$K$359)) -> 345 | M124: =IF(AND(N(G124)>=N(I124),N(G124)>=N(K124)),"The Pulse",IF(N(I124)>=N(K124),"The Lens","The Hub")) -> The Pulse | N124: High | O124: vendor_b
A125: Creator 1427 | B125: CR01427 | C125: BR | D125: comedy | E125: instagram, tiktok, youtube | F125: 365814 | G125: 59.9 | H125: =IF(G125="","",RANK(G125,$G$5:$G$359)) -> 120 | I125: 59.3 | J125: =IF(I125="","",RANK(I125,$I$5:$I$359)) -> 125 | K125: 74.1 | L125: =IF(K125="","",RANK(K125,$K$5:$K$359)) -> 44 | M125: =IF(AND(N(G125)>=N(I125),N(G125)>=N(K125)),"The Pulse",IF(N(I125)>=N(K125),"The Lens","The Hub")) -> The Hub | N125: Low | O125: vendor_b, vendor_c
A126: Creator 919 | B126: CR00919 | C126: CA | D126: tech | E126: instagram, tiktok, youtube | F126: 147418 | G126: 59.6 | H126: =IF(G126="","",RANK(G126,$G$5:$G$359)) -> 122 | I126: 37.1 | J126: =IF(I126="","",RANK(I126,$I$5:$I$359)) -> 254 | K126: 43.6 | L126: =IF(K126="","",RANK(K126,$K$5:$K$359)) -> 210 | M126: =IF(AND(N(G126)>=N(I126),N(G126)>=N(K126)),"The Pulse",IF(N(I126)>=N(K126),"The Lens","The Hub")) -> The Pulse | N126: Medium | O126: vendor_a, vendor_b
... A175: Creator 553 | B175: CR00553 | C175: FR | D175: education | E175: instagram, tiktok, youtube | F175: 1496843 | G175: 52.6 | H175: =IF(G175="","",RANK(G175,$G$5:$G$359)) -> 171 | I175: 36 | J175: =IF(I175="","",RANK(I175,$I$5:$I$359)) -> 262 | K175: 68.9 | L175: =IF(K175="","",RANK(K175,$K$5:$K$359)) -> 60 | M175: =IF(AND(N(G175)>=N(I175),N(G175)>=N(K175)),"The Pulse",IF(N(I175)>=N(K175),"The Lens","The Hub")) -> The Hub | N175: Medium | O175: vendor_a, vendor_b
A176: Creator 595 | B176: CR00595 | C176: KR | D176: gaming | E176: instagram | F176: 24450 | G176: 52.6 | H176: =IF(G176="","",RANK(G176,$G$5:$G$359)) -> 171 | I176: 72.5 | J176: =IF(I176="","",RANK(I176,$I$5:$I$359)) -> 63 | L176: =IF(K176="","",RANK(K176,$K$5:$K$359)) | M176: =IF(AND(N(G176)>=N(I176),N(G176)>=N(K176)),"The Pulse",IF(N(I176)>=N(K176),"The Lens","The Hub")) -> The Lens | N176: High | O176: vendor_b
A177: Creator 1276 | B177: CR01276 | C177: US | D177: education | E177: instagram, tiktok | F177: 61750 | G177: 52.4 | H177: =IF(G177="","",RANK(G177,$G$5:$G$359)) -> 173 | I177: 58.5 | J177: =IF(I177="","",RANK(I177,$I$5:$I$359)) -> 133 | K177: 42.4 | L177: =IF(K177="","",RANK(K177,$K$5:$K$359)) -> 218 | M177: =IF(AND(N(G177)>=N(I177),N(G177)>=N(K177)),"The Pulse",IF(N(I177)>=N(K177),"The Lens","The Hub")) -> The Lens | N177: High | O177: vendor_b
A178: Creator 511 | B178: CR00511 | C178: BR | D178: music | E178: instagram, tiktok, youtube | F178: 85930 | G178: 52.1 | H178: =IF(G178="","",RANK(G178,$G$5:$G$359)) -> 174 | I178: 51.8 | J178: =IF(I178="","",RANK(I178,$I$5:$I$359)) -> 169 | K178: 31.8 | L178: =IF(K178="","",RANK(K178,$K$5:$K$359)) -> 287 | M178: =IF(AND(N(G178)>=N(I178),N(G178)>=N(K178)),"The Pulse",IF(N(I178)>=N(K178),"The Lens","The Hub")) -> The Pulse | N178: Medium | O178: vendor_a, vendor_b
A179: Creator 327 | B179: CR00327 | C179: MX | D179: food | E179: instagram, tiktok, youtube | F179: 136706 | G179: 52 | H179: =IF(G179="","",RANK(G179,$G$5:$G$359)) -> 175 | I179: 61.6 | J179: =IF(I179="","",RANK(I179,$I$5:$I$359)) -> 115 | K179: 54.6 | L179: =IF(K179="","",RANK(K179,$K$5:$K$359)) -> 147 | M179: =IF(AND(N(G179)>=N(I179),N(G179)>=N(K179)),"The Pulse",IF(N(I179)>=N(K179),"The Lens","The Hub")) -> The Lens | N179: Medium | O179: vendor_a, vendor_b
A180: Creator 970 | B180: CR00970 | C180: JP | D180: travel | E180: instagram | F180: 66750 | G180: 52 | H180: =IF(G180="","",RANK(G180,$G$5:$G$359)) -> 175 | I180: 21.3 | J180: =IF(I180="","",RANK(I180,$I$5:$I$359)) -> 310 | K180: 95.6 | L180: =IF(K180="","",RANK(K180,$K$5:$K$359)) -> 6 | M180: =IF(AND(N(G180)>=N(I180),N(G180)>=N(K180)),"The Pulse",IF(N(I180)>=N(K180),"The Lens","The Hub")) -> The Hub | N180: High | O180: vendor_b
A181: Creator 1106 | B181: CR01106 | C181: GB | D181: food | E181: instagram, youtube | F181: 70319 | G181: 51.8 | H181: =IF(G181="","",RANK(G181,$G$5:$G$359)) -> 177 | I181: 18.2 | J181: =IF(I181="","",RANK(I181,$I$5:$I$359)) -> 323 | K181: 37.8 | L181: =IF(K181="","",RANK(K181,$K$5:$K$359)) -> 254 | M181: =IF(AND(N(G181)>=N(I181),N(G181)>=N(K181)),"The Pulse",IF(N(I181)>=N(K181),"The Lens","The Hub")) -> The Pulse | N181: Medium | O181: vendor_a, vendor_b
A182: Creator 202 | B182: CR00202 | C182: JP | D182: finance | E182: instagram, tiktok, youtube | F182: 81665 | G182: 51.7 | H182: =IF(G182="","",RANK(G182,$G$5:$G$359)) -> 178 | I182: 21.3 | J182: =IF(I182="","",RANK(I182,$I$5:$I$359)) -> 310 | K182: 21.1 | L182: =IF(K182="","",RANK(K182,$K$5:$K$359)) -> 314 | M182: =IF(AND(N(G182)>=N(I182),N(G182)>=N(K182)),"The Pulse",IF(N(I182)>=N(K182),"The Lens","The Hub")) -> The Pulse | N182: Medium | O182: vendor_a, vendor_b
A183: Creator 1349 | B183: CR01349 | C183: JP | D183: music | E183: instagram, tiktok, youtube | F183: 718234 | G183: 51.5 | H183: =IF(G183="","",RANK(G183,$G$5:$G$359)) -> 179 | I183: 62.2 | J183: =IF(I183="","",RANK(I183,$I$5:$I$359)) -> 105 | K183: 67.9 | L183: =IF(K183="","",RANK(K183,$K$5:$K$359)) -> 65 | M183: =IF(AND(N(G183)>=N(I183),N(G183)>=N(K183)),"The Pulse",IF(N(I183)>=N(K183),"The Lens","The Hub")) -> The Hub | N183: Medium | O183: vendor_a, vendor_b
A184: Creator 1448 | B184: CR01448 | C184: US | D184: gaming | E184: instagram, tiktok, youtube | F184: 386720 | G184: 51.4 | H184: =IF(G184="","",RANK(G184,$G$5:$G$359)) -> 180 | I184: 49.5 | J184: =IF(I184="","",RANK(I184,$I$5:$I$359)) -> 181 | K184: 40.5 | L184: =IF(K184="","",RANK(K184,$K$5:$K$359)) -> 238 | M184: =IF(AND(N(G184)>=N(I184),N(G184)>=N(K184)),"The Pulse",IF(N(I184)>=N(K184),"The Lens","The Hub")) -> The Pulse | N184: High | O184: vendor_b
A185: Creator 856 | B185: CR00856 | C185: GB | D185: fitness | E185: instagram, youtube | F185: 349220 | G185: 51.1 | H185: =IF(G185="","",RANK(G185,$G$5:$G$359)) -> 181 | I185: 48.3 | J185: =IF(I185="","",RANK(I185,$I$5:$I$359)) -> 193 | K185: 45.6 | L185: =IF(K185="","",RANK(K185,$K$5:$K$359)) -> 198 | M185: =IF(AND(N(G185)>=N(I185),N(G185)>=N(K185)),"The Pulse",IF(N(I185)>=N(K185),"The Lens","The Hub")) -> The Pulse | N185: High | O185: vendor_b
A186: Creator 847 | B186: CR00847 | C186: CA | D186: food | E186: instagram, tiktok, youtube | F186: 284919 | G186: 51 | H186: =IF(G186="","",RANK(G186,$G$5:$G$359)) -> 182 | I186: 55.9 | J186: =IF(I186="","",RANK(I186,$I$5:$I$359)) -> 152 | K186: 53.8 | L186: =IF(K186="","",RANK(K186,$K$5:$K$359)) -> 150 | M186: =IF(AND(N(G186)>=N(I186),N(G186)>=N(K186)),"The Pulse",IF(N(I186)>=N(K186),"The Lens","The Hub")) -> The Lens | N186: Medium | O186: vendor_a, vendor_b
A187: Creator 836 | B187: CR00836 | C187: GB | D187: travel | E187: youtube | F187: 36571 | G187: 51 | H187: =IF(G187="","",RANK(G187,$G$5:$G$359)) -> 182 | I187: 57.5 | J187: =IF(I187="","",RANK(I187,$I$5:$I$359)) -> 139 | K187: 30.8 | L187: =IF(K187="","",RANK(K187,$K$5:$K$359)) -> 290 | M187: =IF(AND(N(G187)>=N(I187),N(G187)>=N(K187)),"The Pulse",IF(N(I187)>=N(K187),"The Lens","The Hub")) -> The Lens | N187: Medium | O187: vendor_a
A188: Creator 569 | B188: CR00569 | C188: FR | D188: gaming | E188: instagram, tiktok, youtube | F188: 161440 | G188: 51 | H188: =IF(G188="","",RANK(G188,$G$5:$G$359)) -> 182 | I188: 30.8 | J188: =IF(I188="","",RANK(I188,$I$5:$I$359)) -> 282 | K188: 40.9 | L188: =IF(K188="","",RANK(K188,$K$5:$K$359)) -> 227 | M188: =IF(AND(N(G188)>=N(I188),N(G188)>=N(K188)),"The Pulse",IF(N(I188)>=N(K188),"The Lens","The Hub")) -> The Pulse | N188: High | O188: vendor_b
... A200: Creator 1165 | B200: CR01165 | C200: BR | D200: music | E200: instagram, youtube | F200: 36239 | G200: 49.3 | H200: =IF(G200="","",RANK(G200,$G$5:$G$359)) -> 195 | I200: 43.8 | J200: =IF(I200="","",RANK(I200,$I$5:$I$359)) -> 218 | K200: 59.1 | L200: =IF(K200="","",RANK(K200,$K$5:$K$359)) -> 111 | M200: =IF(AND(N(G200)>=N(I200),N(G200)>=N(K200)),"The Pulse",IF(N(I200)>=N(K200),"The Lens","The Hub")) -> The Hub | N200: Medium | O200: vendor_a, vendor_b
A201: Creator 272 | B201: CR00272 | C201: FR | E201: instagram | F201: 86110 | G201: 48.8 | H201: =IF(G201="","",RANK(G201,$G$5:$G$359)) -> 197 | I201: 24.4 | J201: =IF(I201="","",RANK(I201,$I$5:$I$359)) -> 306 | L201: =IF(K201="","",RANK(K201,$K$5:$K$359)) | M201: =IF(AND(N(G201)>=N(I201),N(G201)>=N(K201)),"The Pulse",IF(N(I201)>=N(K201),"The Lens","The Hub")) -> The Pulse | N201: High | O201: vendor_b
A202: Creator 855 | B202: CR00855 | C202: FR | D202: tech | E202: instagram, tiktok, youtube | F202: 452549 | G202: 48.7 | H202: =IF(G202="","",RANK(G202,$G$5:$G$359)) -> 198 | I202: 66.8 | J202: =IF(I202="","",RANK(I202,$I$5:$I$359)) -> 86 | K202: 46.2 | L202: =IF(K202="","",RANK(K202,$K$5:$K$359)) -> 195 | M202: =IF(AND(N(G202)>=N(I202),N(G202)>=N(K202)),"The Pulse",IF(N(I202)>=N(K202),"The Lens","The Hub")) -> The Lens | N202: Medium | O202: vendor_a, vendor_b
A203: Creator 690 | B203: CR00690 | C203: JP | D203: music | E203: instagram, tiktok, youtube | F203: 19107 | G203: 48.7 | H203: =IF(G203="","",RANK(G203,$G$5:$G$359)) -> 198 | I203: 69 | J203: =IF(I203="","",RANK(I203,$I$5:$I$359)) -> 75 | K203: 40.7 | L203: =IF(K203="","",RANK(K203,$K$5:$K$359)) -> 233 | M203: =IF(AND(N(G203)>=N(I203),N(G203)>=N(K203)),"The Pulse",IF(N(I203)>=N(K203),"The Lens","The Hub")) -> The Lens | N203: Medium | O203: vendor_a, vendor_b
A204: Creator 33 | B204: CR00033 | C204: MX | D204: beauty | E204: instagram, youtube | F204: 67060 | G204: 48.6 | H204: =IF(G204="","",RANK(G204,$G$5:$G$359)) -> 200 | I204: 29.6 | J204: =IF(I204="","",RANK(I204,$I$5:$I$359)) -> 288 | K204: 37.5 | L204: =IF(K204="","",RANK(K204,$K$5:$K$359)) -> 257 | M204: =IF(AND(N(G204)>=N(I204),N(G204)>=N(K204)),"The Pulse",IF(N(I204)>=N(K204),"The Lens","The Hub")) -> The Pulse | N204: High | O204: vendor_b
A205: Creator 358 | B205: CR00358 | C205: JP | D205: tech | E205: instagram, tiktok | F205: 189880 | G205: 48.6 | H205: =IF(G205="","",RANK(G205,$G$5:$G$359)) -> 200 | I205: 66.2 | J205: =IF(I205="","",RANK(I205,$I$5:$I$359)) -> 90 | K205: 40.7 | L205: =IF(K205="","",RANK(K205,$K$5:$K$359)) -> 233 | M205: =IF(AND(N(G205)>=N(I205),N(G205)>=N(K205)),"The Pulse",IF(N(I205)>=N(K205),"The Lens","The Hub")) -> The Lens | N205: High | O205: vendor_b
A206: Creator 579 | B206: CR00579 | C206: FR | D206: music | E206: instagram, youtube | F206: 18436 | G206: 48.4 | H206: =IF(G206="","",RANK(G206,$G$5:$G$359)) -> 202 | I206: 50 | J206: =IF(I206="","",RANK(I206,$I$5:$I$359)) -> 178 | K206: 57.2 | L206: =IF(K206="","",RANK(K206,$K$5:$K$359)) -> 126 | M206: =IF(AND(N(G206)>=N(I206),N(G206)>=N(K206)),"The Pulse",IF(N(I206)>=N(K206),"The Lens","The Hub")) -> The Hub | N206: Medium | O206: vendor_a, vendor_b
A207: Creator 1482 | B207: CR01482 | C207: DE | D207: travel | E207: instagram, tiktok, youtube | F207: 112505 | G207: 48.1 | H207: =IF(G207="","",RANK(G207,$G$5:$G$359)) -> 203 | I207: 36.2 | J207: =IF(I207="","",RANK(I207,$I$5:$I$359)) -> 260 | K207: 21.4 | L207: =IF(K207="","",RANK(K207,$K$5:$K$359)) -> 312 | M207: =IF(AND(N(G207)>=N(I207),N(G207)>=N(K207)),"The Pulse",IF(N(I207)>=N(K207),"The Lens","The Hub")) -> The Pulse | N207: Medium | O207: vendor_a, vendor_b
A208: Creator 266 | B208: CR00266 | C208: KR | D208: music | E208: instagram, youtube | F208: 25085 | G208: 47.8 | H208: =IF(G208="","",RANK(G208,$G$5:$G$359)) -> 204 | I208: 74.6 | J208: =IF(I208="","",RANK(I208,$I$5:$I$359)) -> 53 | K208: 40.8 | L208: =IF(K208="","",RANK(K208,$K$5:$K$359)) -> 230 | M208: =IF(AND(N(G208)>=N(I208),N(G208)>=N(K208)),"The Pulse",IF(N(I208)>=N(K208),"The Lens","The Hub")) -> The Lens | N208: Medium | O208: vendor_a, vendor_b
A209: Creator 955 | B209: CR00955 | C209: US | D209: fitness | E209: instagram, tiktok, youtube | F209: 159830 | G209: 47.8 | H209: =IF(G209="","",RANK(G209,$G$5:$G$359)) -> 204 | I209: 40.8 | J209: =IF(I209="","",RANK(I209,$I$5:$I$359)) -> 236 | K209: 40.7 | L209: =IF(K209="","",RANK(K209,$K$5:$K$359)) -> 233 | M209: =IF(AND(N(G209)>=N(I209),N(G209)>=N(K209)),"The Pulse",IF(N(I209)>=N(K209),"The Lens","The Hub")) -> The Pulse | N209: High | O209: vendor_b
A210: Creator 999 | B210: CR00999 | C210: IN | D210: music | E210: instagram | F210: 1998 | G210: 47.6 | H210: =IF(G210="","",RANK(G210,$G$5:$G$359)) -> 206 | I210: 66.2 | J210: =IF(I210="","",RANK(I210,$I$5:$I$359)) -> 90 | K210: 42 | L210: =IF(K210="","",RANK(K210,$K$5:$K$359)) -> 219 | M210: =IF(AND(N(G210)>=N(I210),N(G210)>=N(K210)),"The Pulse",IF(N(I210)>=N(K210),"The Lens","The Hub")) -> The Lens | N210: Medium | O210: vendor_a
A211: Creator 1268 | B211: CR01268 | C211: CA | D211: comedy | E211: instagram, tiktok, youtube | F211: 176761 | G211: 47.3 | H211: =IF(G211="","",RANK(G211,$G$5:$G$359)) -> 207 | I211: 12.9 | J211: =IF(I211="","",RANK(I211,$I$5:$I$359)) -> 336 | K211: 62.2 | L211: =IF(K211="","",RANK(K211,$K$5:$K$359)) -> 92 | M211: =IF(AND(N(G211)>=N(I211),N(G211)>=N(K211)),"The Pulse",IF(N(I211)>=N(K211),"The Lens","The Hub")) -> The Hub | N211: Medium | O211: vendor_a, vendor_b
A212: Creator 1241 | B212: CR01241 | C212: MX | D212: gaming | E212: instagram, tiktok, youtube | F212: 695309 | G212: 47 | H212: =IF(G212="","",RANK(G212,$G$5:$G$359)) -> 208 | I212: 13.5 | J212: =IF(I212="","",RANK(I212,$I$5:$I$359)) -> 335 | K212: 60.8 | L212: =IF(K212="","",RANK(K212,$K$5:$K$359)) -> 102 | M212: =IF(AND(N(G212)>=N(I212),N(G212)>=N(K212)),"The Pulse",IF(N(I212)>=N(K212),"The Lens","The Hub")) -> The Hub | N212: Low | O212: vendor_a, vendor_b, vendor_c
A213: Creator 1236 | B213: CR01236 | C213: DE | D213: travel | E213: instagram, tiktok, youtube | F213: 86350 | G213: 46.9 | H213: =IF(G213="","",RANK(G213,$G$5:$G$359)) -> 209 | I213: 66.9 | J213: =IF(I213="","",RANK(I213,$I$5:$I$359)) -> 84 | K213: 54.9 | L213: =IF(K213="","",RANK(K213,$K$5:$K$359)) -> 144 | M213: =IF(AND(N(G213)>=N(I213),N(G213)>=N(K213)),"The Pulse",IF(N(I213)>=N(K213),"The Lens","The Hub")) -> The Lens | N213: High | O213: vendor_b
... A216: Creator 291 | B216: CR00291 | C216: KR | D216: comedy | E216: instagram, tiktok, youtube | F216: 155502 | G216: 46.1 | H216: =IF(G216="","",RANK(G216,$G$5:$G$359)) -> 212 | I216: 32.1 | J216: =IF(I216="","",RANK(I216,$I$5:$I$359)) -> 279 | K216: 41.5 | L216: =IF(K216="","",RANK(K216,$K$5:$K$359)) -> 223 | M216: =IF(AND(N(G216)>=N(I216),N(G216)>=N(K216)),"The Pulse",IF(N(I216)>=N(K216),"The Lens","The Hub")) -> The Pulse | N216: Medium | O216: vendor_a, vendor_b
A217: Creator 936 | B217: CR00936 | C217: FR | E217: tiktok | F217: 831600 | G217: 45.8 | H217: =IF(G217="","",RANK(G217,$G$5:$G$359)) -> 213 | I217: 64.3 | J217: =IF(I217="","",RANK(I217,$I$5:$I$359)) -> 97 | K217: 78.6 | L217: =IF(K217="","",RANK(K217,$K$5:$K$359)) -> 36 | M217: =IF(AND(N(G217)>=N(I217),N(G217)>=N(K217)),"The Pulse",IF(N(I217)>=N(K217),"The Lens","The Hub")) -> The Hub | N217: Medium | O217: vendor_a, vendor_b
A218: Creator 1035 | B218: CR01035 | C218: GB | D218: education | E218: instagram, tiktok, youtube | F218: 147073 | G218: 45.8 | H218: =IF(G218="","",RANK(G218,$G$5:$G$359)) -> 213 | I218: 36.3 | J218: =IF(I218="","",RANK(I218,$I$5:$I$359)) -> 259 | K218: 40.7 | L218: =IF(K218="","",RANK(K218,$K$5:$K$359)) -> 233 | M218: =IF(AND(N(G218)>=N(I218),N(G218)>=N(K218)),"The Pulse",IF(N(I218)>=N(K218),"The Lens","The Hub")) -> The Pulse | N218: Medium | O218: vendor_a, vendor_b
A219: Creator 1406 | B219: CR01406 | C219: FR | D219: beauty | E219: instagram, tiktok, youtube | F219: 246840 | G219: 45.8 | H219: =IF(G219="","",RANK(G219,$G$5:$G$359)) -> 213 | I219: 64.6 | J219: =IF(I219="","",RANK(I219,$I$5:$I$359)) -> 96 | K219: 38.8 | L219: =IF(K219="","",RANK(K219,$K$5:$K$359)) -> 249 | M219: =IF(AND(N(G219)>=N(I219),N(G219)>=N(K219)),"The Pulse",IF(N(I219)>=N(K219),"The Lens","The Hub")) -> The Lens | N219: High | O219: vendor_b
A220: Creator 267 | B220: CR00267 | C220: US | D220: travel | E220: youtube | F220: 2794445 | G220: 45.5 | H220: =IF(G220="","",RANK(G220,$G$5:$G$359)) -> 216 | I220: 7.1 | J220: =IF(I220="","",RANK(I220,$I$5:$I$359)) -> 344 | K220: 8.2 | L220: =IF(K220="","",RANK(K220,$K$5:$K$359)) -> 339 | M220: =IF(AND(N(G220)>=N(I220),N(G220)>=N(K220)),"The Pulse",IF(N(I220)>=N(K220),"The Lens","The Hub")) -> The Pulse | N220: Medium | O220: vendor_a
A221: Creator 416 | B221: CR00416 | C221: DE | D221: comedy | E221: instagram, tiktok, youtube | F221: 138560 | G221: 45.4 | H221: =IF(G221="","",RANK(G221,$G$5:$G$359)) -> 217 | I221: 40.2 | J221: =IF(I221="","",RANK(I221,$I$5:$I$359)) -> 239 | K221: 41.2 | L221: =IF(K221="","",RANK(K221,$K$5:$K$359)) -> 225 | M221: =IF(AND(N(G221)>=N(I221),N(G221)>=N(K221)),"The Pulse",IF(N(I221)>=N(K221),"The Lens","The Hub")) -> The Pulse | N221: Medium | O221: vendor_a, vendor_b
A222: Creator 1455 | B222: CR01455 | C222: GB | D222: tech | E222: instagram, tiktok, youtube | F222: 218069 | G222: 45.2 | H222: =IF(G222="","",RANK(G222,$G$5:$G$359)) -> 218 | I222: 35.6 | J222: =IF(I222="","",RANK(I222,$I$5:$I$359)) -> 264 | K222: 38.2 | L222: =IF(K222="","",RANK(K222,$K$5:$K$359)) -> 252 | M222: =IF(AND(N(G222)>=N(I222),N(G222)>=N(K222)),"The Pulse",IF(N(I222)>=N(K222),"The Lens","The Hub")) -> The Pulse | N222: Medium | O222: vendor_a, vendor_b
A223: Creator 754 | B223: CR00754 | C223: CA | D223: food | E223: instagram, tiktok, youtube | F223: 2230638 | G223: 45.2 | H223: =IF(G223="","",RANK(G223,$G$5:$G$359)) -> 218 | I223: 74.3 | J223: =IF(I223="","",RANK(I223,$I$5:$I$359)) -> 56 | K223: 5.6 | L223: =IF(K223="","",RANK(K223,$K$5:$K$359)) -> 344 | M223: =IF(AND(N(G223)>=N(I223),N(G223)>=N(K223)),"The Pulse",IF(N(I223)>=N(K223),"The Lens","The Hub")) -> The Lens | N223: Medium | O223: vendor_a, vendor_b
A224: Creator 1343 | B224: CR01343 | C224: DE | D224: travel | E224: instagram, tiktok, youtube | F224: 251760 | G224: 45.1 | H224: =IF(G224="","",RANK(G224,$G$5:$G$359)) -> 220 | I224: 66.8 | J224: =IF(I224="","",RANK(I224,$I$5:$I$359)) -> 86 | K224: 48.2 | L224: =IF(K224="","",RANK(K224,$K$5:$K$359)) -> 179 | M224: =IF(AND(N(G224)>=N(I224),N(G224)>=N(K224)),"The Pulse",IF(N(I224)>=N(K224),"The Lens","The Hub")) -> The Lens | N224: High | O224: vendor_b
A225: Creator 1017 | B225: CR01017 | C225: CA | D225: music | E225: instagram, tiktok, youtube | F225: 438386 | G225: 45 | H225: =IF(G225="","",RANK(G225,$G$5:$G$359)) -> 221 | I225: 89 | J225: =IF(I225="","",RANK(I225,$I$5:$I$359)) -> 15 | K225: 36.8 | L225: =IF(K225="","",RANK(K225,$K$5:$K$359)) -> 260 | M225: =IF(AND(N(G225)>=N(I225),N(G225)>=N(K225)),"The Pulse",IF(N(I225)>=N(K225),"The Lens","The Hub")) -> The Lens | N225: Medium | O225: vendor_a, vendor_b
A226: Creator 956 | B226: CR00956 | C226: GB | D226: finance | E226: instagram, tiktok, youtube | F226: 1037278 | G226: 44.8 | H226: =IF(G226="","",RANK(G226,$G$5:$G$359)) -> 222 | I226: 56.2 | J226: =IF(I226="","",RANK(I226,$I$5:$I$359)) -> 147 | K226: 54 | L226: =IF(K226="","",RANK(K226,$K$5:$K$359)) -> 149 | M226: =IF(AND(N(G226)>=N(I226),N(G226)>=N(K226)),"The Pulse",IF(N(I226)>=N(K226),"The Lens","The Hub")) -> The Lens | N226: Medium | O226: vendor_a, vendor_b
A227: Creator 1189 | B227: CR01189 | C227: DE | D227: beauty | E227: instagram, youtube | F227: 193980 | G227: 44.7 | H227: =IF(G227="","",RANK(G227,$G$5:$G$359)) -> 223 | I227: 32.5 | J227: =IF(I227="","",RANK(I227,$I$5:$I$359)) -> 276 | K227: 18.1 | L227: =IF(K227="","",RANK(K227,$K$5:$K$359)) -> 323 | M227: =IF(AND(N(G227)>=N(I227),N(G227)>=N(K227)),"The Pulse",IF(N(I227)>=N(K227),"The Lens","The Hub")) -> The Pulse | N227: Medium | O227: vendor_a, vendor_b
A228: Creator 759 | B228: CR00759 | C228: IN | D228: finance | E228: instagram, tiktok, youtube | F228: 110730 | G228: 44.4 | H228: =IF(G228="","",RANK(G228,$G$5:$G$359)) -> 224 | I228: 61.7 | J228: =IF(I228="","",RANK(I228,$I$5:$I$359)) -> 113 | K228: 45 | L228: =IF(K228="","",RANK(K228,$K$5:$K$359)) -> 201 | M228: =IF(AND(N(G228)>=N(I228),N(G228)>=N(K228)),"The Pulse",IF(N(I228)>=N(K228),"The Lens","The Hub")) -> The Lens | N228: Medium | O228: vendor_a, vendor_b
A229: Creator 1030 | B229: CR01030 | C229: BR | D229: beauty | E229: tiktok, youtube | F229: 62388 | G229: 44.1 | H229: =IF(G229="","",RANK(G229,$G$5:$G$359)) -> 225 | I229: 49.9 | J229: =IF(I229="","",RANK(I229,$I$5:$I$359)) -> 180 | K229: 50.3 | L229: =IF(K229="","",RANK(K229,$K$5:$K$359)) -> 167 | M229: =IF(AND(N(G229)>=N(I229),N(G229)>=N(K229)),"The Pulse",IF(N(I229)>=N(K229),"The Lens","The Hub")) -> The Hub | N229: Medium | O229: vendor_a, vendor_b
... A338: Creator 634 | B338: CR00634 | C338: KR | D338: travel | E338: tiktok | F338: 84160 | G338: 18.5 | H338: =IF(G338="","",RANK(G338,$G$5:$G$359)) -> 334 | I338: 33.5 | J338: =IF(I338="","",RANK(I338,$I$5:$I$359)) -> 271 | K338: 67.5 | L338: =IF(K338="","",RANK(K338,$K$5:$K$359)) -> 68 | M338: =IF(AND(N(G338)>=N(I338),N(G338)>=N(K338)),"The Pulse",IF(N(I338)>=N(K338),"The Lens","The Hub")) -> The Hub | N338: High | O338: vendor_b
A339: Creator 475 | B339: CR00475 | C339: BR | D339: comedy | E339: instagram | F339: 34920 | G339: 17.6 | H339: =IF(G339="","",RANK(G339,$G$5:$G$359)) -> 335 | I339: 60.1 | J339: =IF(I339="","",RANK(I339,$I$5:$I$359)) -> 124 | L339: =IF(K339="","",RANK(K339,$K$5:$K$359)) | M339: =IF(AND(N(G339)>=N(I339),N(G339)>=N(K339)),"The Pulse",IF(N(I339)>=N(K339),"The Lens","The Hub")) -> The Lens | N339: High | O339: vendor_b
A340: Creator 350 | B340: CR00350 | C340: MX | D340: education | E340: youtube | F340: 39618 | G340: 17.3 | H340: =IF(G340="","",RANK(G340,$G$5:$G$359)) -> 336 | I340: 6.2 | J340: =IF(I340="","",RANK(I340,$I$5:$I$359)) -> 346 | K340: 21 | L340: =IF(K340="","",RANK(K340,$K$5:$K$359)) -> 315 | M340: =IF(AND(N(G340)>=N(I340),N(G340)>=N(K340)),"The Pulse",IF(N(I340)>=N(K340),"The Lens","The Hub")) -> The Hub | N340: Medium | O340: vendor_a
A341: Creator 1086 | B341: CR01086 | C341: MX | D341: gaming | E341: instagram | F341: 2750 | G341: 17.2 | H341: =IF(G341="","",RANK(G341,$G$5:$G$359)) -> 337 | I341: 85.9 | J341: =IF(I341="","",RANK(I341,$I$5:$I$359)) -> 18 | K341: 14.9 | L341: =IF(K341="","",RANK(K341,$K$5:$K$359)) -> 327 | M341: =IF(AND(N(G341)>=N(I341),N(G341)>=N(K341)),"The Pulse",IF(N(I341)>=N(K341),"The Lens","The Hub")) -> The Lens | N341: Medium | O341: vendor_a, vendor_b
A342: Creator 65 | B342: CR00065 | C342: BR | D342: beauty | E342: instagram, tiktok, youtube | F342: 121469 | G342: 16.8 | H342: =IF(G342="","",RANK(G342,$G$5:$G$359)) -> 338 | I342: 34.3 | J342: =IF(I342="","",RANK(I342,$I$5:$I$359)) -> 268 | K342: 59.5 | L342: =IF(K342="","",RANK(K342,$K$5:$K$359)) -> 109 | M342: =IF(AND(N(G342)>=N(I342),N(G342)>=N(K342)),"The Pulse",IF(N(I342)>=N(K342),"The Lens","The Hub")) -> The Hub | N342: Medium | O342: vendor_a, vendor_b
A343: Creator 520 | B343: CR00520 | C343: US | D343: gaming | E343: youtube | F343: 13378 | G343: 16.4 | H343: =IF(G343="","",RANK(G343,$G$5:$G$359)) -> 339 | I343: 4.2 | J343: =IF(I343="","",RANK(I343,$I$5:$I$359)) -> 352 | K343: 39.4 | L343: =IF(K343="","",RANK(K343,$K$5:$K$359)) -> 242 | M343: =IF(AND(N(G343)>=N(I343),N(G343)>=N(K343)),"The Pulse",IF(N(I343)>=N(K343),"The Lens","The Hub")) -> The Hub | N343: Medium | O343: vendor_a
A344: Creator 1246 | B344: CR01246 | C344: BR | D344: music | E344: youtube | F344: 582380 | G344: 15.5 | H344: =IF(G344="","",RANK(G344,$G$5:$G$359)) -> 340 | I344: 96.9 | J344: =IF(I344="","",RANK(I344,$I$5:$I$359)) -> 7 | K344: 45.2 | L344: =IF(K344="","",RANK(K344,$K$5:$K$359)) -> 200 | M344: =IF(AND(N(G344)>=N(I344),N(G344)>=N(K344)),"The Pulse",IF(N(I344)>=N(K344),"The Lens","The Hub")) -> The Lens | N344: Medium | O344: vendor_a, vendor_b
A345: Creator 1112 | B345: CR01112 | C345: IN | D345: education | E345: youtube | F345: 81607 | G345: 15.3 | H345: =IF(G345="","",RANK(G345,$G$5:$G$359)) -> 341 | I345: 26.9 | J345: =IF(I345="","",RANK(I345,$I$5:$I$359)) -> 300 | K345: 50 | L345: =IF(K345="","",RANK(K345,$K$5:$K$359)) -> 169 | M345: =IF(AND(N(G345)>=N(I345),N(G345)>=N(K345)),"The Pulse",IF(N(I345)>=N(K345),"The Lens","The Hub")) -> The Hub | N345: Medium | O345: vendor_a
A346: Creator 639 | B346: CR00639 | C346: DE | D346: food | E346: tiktok, youtube | F346: 86767 | G346: 15 | H346: =IF(G346="","",RANK(G346,$G$5:$G$359)) -> 342 | I346: 71.8 | J346: =IF(I346="","",RANK(I346,$I$5:$I$359)) -> 65 | K346: 25.6 | L346: =IF(K346="","",RANK(K346,$K$5:$K$359)) -> 300 | M346: =IF(AND(N(G346)>=N(I346),N(G346)>=N(K346)),"The Pulse",IF(N(I346)>=N(K346),"The Lens","The Hub")) -> The Lens | N346: Medium | O346: vendor_a, vendor_b
A347: Creator 1297 | B347: CR01297 | C347: GB | D347: music | E347: tiktok | F347: 262310 | G347: 14.1 | H347: =IF(G347="","",RANK(G347,$G$5:$G$359)) -> 343 | I347: 94.3 | J347: =IF(I347="","",RANK(I347,$I$5:$I$359)) -> 8 | K347: 22.1 | L347: =IF(K347="","",RANK(K347,$K$5:$K$359)) -> 311 | M347: =IF(AND(N(G347)>=N(I347),N(G347)>=N(K347)),"The Pulse",IF(N(I347)>=N(K347),"The Lens","The Hub")) -> The Lens | N347: High | O347: vendor_b
A348: Creator 697 | B348: CR00697 | C348: FR | D348: education | E348: instagram, tiktok, youtube | F348: 406936 | G348: 14 | H348: =IF(G348="","",RANK(G348,$G$5:$G$359)) -> 344 | I348: 37.1 | J348: =IF(I348="","",RANK(I348,$I$5:$I$359)) -> 254 | K348: 35.8 | L348: =IF(K348="","",RANK(K348,$K$5:$K$359)) -> 265 | M348: =IF(AND(N(G348)>=N(I348),N(G348)>=N(K348)),"The Pulse",IF(N(I348)>=N(K348),"The Lens","The Hub")) -> The Lens | N348: Medium | O348: vendor_a, vendor_b
A349: Creator 1321 | B349: CR01321 | C349: FR | D349: education | E349: instagram, tiktok | F349: 305190 | G349: 12.6 | H349: =IF(G349="","",RANK(G349,$G$5:$G$359)) -> 345 | I349: 48 | J349: =IF(I349="","",RANK(I349,$I$5:$I$359)) -> 196 | K349: 41 | L349: =IF(K349="","",RANK(K349,$K$5:$K$359)) -> 226 | M349: =IF(AND(N(G349)>=N(I349),N(G349)>=N(K349)),"The Pulse",IF(N(I349)>=N(K349),"The Lens","The Hub")) -> The Lens | N349: High | O349: vendor_b
A350: Creator 598 | B350: CR00598 | C350: US | D350: finance | E350: tiktok | F350: 82670 | G350: 12.6 | H350: =IF(G350="","",RANK(G350,$G$5:$G$359)) -> 345 | I350: 98.5 | J350: =IF(I350="","",RANK(I350,$I$5:$I$359)) -> 4 | K350: 33.3 | L350: =IF(K350="","",RANK(K350,$K$5:$K$359)) -> 281 | M350: =IF(AND(N(G350)>=N(I350),N(G350)>=N(K350)),"The Pulse",IF(N(I350)>=N(K350),"The Lens","The Hub")) -> The Lens | N350: Medium | O350: vendor_a, vendor_b
...

Sheet Instagram
A1: Instagram leaderboard — one row per complete Instagram channel
A2: Ranks every requested channel on this platform that is filled, even if the creator's other channels aren't yet. Scores are 0–100 percentiles within the platform (The Lens also within size band).
A4: Creator | B4: Creator ID | C4: Handle | D4: Country | E4: Followers | F4: Size band | G4: 90d Reach Rate | H4: The Pulse score | I4: The Pulse rank | J4: 90d Growth Rate | K4: The Lens score | L4: The Lens rank | M4: 90d Meaningful Engagement Rate | N4: The Hub score | O4: The Hub rank | P4: Primary role | Q4: Confidence | R4: All requested channels filled | S4: Sources
A5: Creator 1343 | B5: CR01343 | C5: @creator1343_instagram | D5: DE | E5: 59960 | F5: micro | G5: 7.7815377 | H5: 100 | I5: =IF(H5="","",RANK(H5,$H$5:$H$430)) -> 1 | J5: 0.11491261 | K5: 60.8 | L5: =IF(K5="","",RANK(K5,$K$5:$K$430)) -> 166 | M5: 0.017974351 | N5: 4.9 | O5: =IF(N5="","",RANK(N5,$N$5:$N$430)) -> 369 | P5: =IF(AND(N(H5)>=N(K5),N(H5)>=N(N5)),"The Pulse",IF(N(K5)>=N(N5),"The Lens","The Hub")) -> The Pulse | Q5: High | R5: Yes | S5: vendor_b
A6: Creator 401 | B6: CR00401 | C6: @creator401_instagram | D6: GB | E6: 35380 | F6: micro | G6: 7.6251555 | H6: 99.8 | I6: =IF(H6="","",RANK(H6,$H$5:$H$430)) -> 2 | J6: 0.059916117 | K6: 32.3 | L6: =IF(K6="","",RANK(K6,$K$5:$K$430)) -> 282 | M6: 0.14179009 | N6: 53.8 | O6: =IF(N6="","",RANK(N6,$N$5:$N$430)) -> 174 | P6: =IF(AND(N(H6)>=N(K6),N(H6)>=N(N6)),"The Pulse",IF(N(K6)>=N(N6),"The Lens","The Hub")) -> The Pulse | Q6: High | R6: Yes | S6: vendor_b
A7: Creator 588 | B7: CR00588 | C7: @creator588_instagram | D7: FR | E7: 7490 | F7: nano | G7: 4.9392523 | H7: 99.6 | I7: =IF(H7="","",RANK(H7,$H$5:$H$430)) -> 3 | J7: 0.10147059 | K7: 53.5 | L7: =IF(K7="","",RANK(K7,$K$5:$K$430)) -> 197 | M7: 0.10925307 | N7: 39.9 | O7: =IF(N7="","",RANK(N7,$N$5:$N$430)) -> 232 | P7: =IF(AND(N(H7)>=N(K7),N(H7)>=N(N7)),"The Pulse",IF(N(K7)>=N(N7),"The Lens","The Hub")) -> The Pulse | Q7: High | R7: Yes | S7: vendor_b
A8: Creator 1492 | B8: CR01492 | C8: @creator1492_instagram | D8: MX | E8: 311650 | F8: mid | G8: 3.6281719 | H8: 99.4 | I8: =IF(H8="","",RANK(H8,$H$5:$H$430)) -> 4 | J8: 0.314757 | K8: 100 | L8: =IF(K8="","",RANK(K8,$K$5:$K$430)) -> 1 | M8: 0.28876507 | N8: 89.3 | O8: =IF(N8="","",RANK(N8,$N$5:$N$430)) -> 41 | P8: =IF(AND(N(H8)>=N(K8),N(H8)>=N(N8)),"The Pulse",IF(N(K8)>=N(N8),"The Lens","The Hub")) -> The Lens | Q8: Medium | R8: Yes | S8: vendor_a, vendor_b
A9: Creator 1133 | B9: CR01133 | C9: @creator1133_instagram | D9: CA | E9: 655880 | F9: mid | G9: 3.3905623 | H9: 99.2 | I9: =IF(H9="","",RANK(H9,$H$5:$H$430)) -> 5 | J9: -0.042329201 | K9: 5 | L9: =IF(K9="","",RANK(K9,$K$5:$K$430)) -> 406 | M9: 0.39870687 | N9: 97.7 | O9: =IF(N9="","",RANK(N9,$N$5:$N$430)) -> 10 | P9: =IF(AND(N(H9)>=N(K9),N(H9)>=N(N9)),"The Pulse",IF(N(K9)>=N(N9),"The Lens","The Hub")) -> The Pulse | Q9: High | R9: Yes | S9: vendor_b
A10: Creator 1290 | B10: CR01290 | C10: https://www.instagram.com/creator1290_instagram/ | D10: GB | E10: 37440 | F10: micro | G10: 2.850641 | H10: 99.1 | I10: =IF(H10="","",RANK(H10,$H$5:$H$430)) -> 6 | J10: 0.20930233 | K10: 92.8 | L10: =IF(K10="","",RANK(K10,$K$5:$K$430)) -> 33 | M10: 0.23446602 | N10: 80 | O10: =IF(N10="","",RANK(N10,$N$5:$N$430)) -> 80 | P10: =IF(AND(N(H10)>=N(K10),N(H10)>=N(N10)),"The Pulse",IF(N(K10)>=N(N10),"The Lens","The Hub")) -> The Pulse | Q10: High | R10: No | S10: vendor_b
A11: Creator 212 | B11: CR00212 | C11: @creator212_instagram | D11: JP | E11: 174450 | F11: mid | G11: 2.7063571 | H11: 98.9 | I11: =IF(H11="","",RANK(H11,$H$5:$H$430)) -> 7 | J11: 0.20986199 | K11: 95.7 | L11: =IF(K11="","",RANK(K11,$K$5:$K$430)) -> 20 | M11: 0.08980279 | N11: 31.9 | O11: =IF(N11="","",RANK(N11,$N$5:$N$430)) -> 264 | P11: =IF(AND(N(H11)>=N(K11),N(H11)>=N(N11)),"The Pulse",IF(N(K11)>=N(N11),"The Lens","The Hub")) -> The Pulse | Q11: High | R11: No | S11: vendor_b
A12: Creator 373 | B12: CR00373 | C12: https://www.instagram.com/creator373_instagram/ | D12: JP | E12: 20020 | F12: micro | G12: 2.6334665 | H12: 98.7 | I12: =IF(H12="","",RANK(H12,$H$5:$H$430)) -> 8 | J12: 0.12031337 | K12: 64.6 | L12: =IF(K12="","",RANK(K12,$K$5:$K$430)) -> 153 | M12: 0.1724 | N12: 65.7 | O12: =IF(N12="","",RANK(N12,$N$5:$N$430)) -> 132 | P12: =IF(AND(N(H12)>=N(K12),N(H12)>=N(N12)),"The Pulse",IF(N(K12)>=N(N12),"The Lens","The Hub")) -> The Pulse | Q12: Medium | R12: No | S12: vendor_a, vendor_b
A13: Creator 357 | B13: CR00357 | C13: @creator357_instagram | D13: MX | E13: 20574 | F13: micro | G13: 2.6261301 | H13: 98.5 | I13: =IF(H13="","",RANK(H13,$H$5:$H$430)) -> 9 | J13: 0.13174542 | K13: 70.1 | L13: =IF(K13="","",RANK(K13,$K$5:$K$430)) -> 129 | M13: 0.077169845 | N13: 24.9 | O13: =IF(N13="","",RANK(N13,$N$5:$N$430)) -> 292 | P13: =IF(AND(N(H13)>=N(K13),N(H13)>=N(N13)),"The Pulse",IF(N(K13)>=N(N13),"The Lens","The Hub")) -> The Pulse | Q13: Medium | R13: Yes | S13: vendor_a
A14: Creator 882 | B14: CR00882 | C14: @creator882_instagram | D14: IN | E14: 280270 | F14: mid | G14: 2.5718236 | H14: 98.3 | I14: =IF(H14="","",RANK(H14,$H$5:$H$430)) -> 10 | J14: -0.092553195 | K14: 1.4 | L14: =IF(K14="","",RANK(K14,$K$5:$K$430)) -> 421 | M14: 0.053863839 | N14: 17.2 | O14: =IF(N14="","",RANK(N14,$N$5:$N$430)) -> 320 | P14: =IF(AND(N(H14)>=N(K14),N(H14)>=N(N14)),"The Pulse",IF(N(K14)>=N(N14),"The Lens","The Hub")) -> The Pulse | Q14: Medium | R14: Yes | S14: vendor_a, vendor_b
A15: Creator 789 | B15: CR00789 | C15: https://www.instagram.com/creator789_instagram/ | D15: GB | E15: 3140 | F15: nano | G15: 2.5275101 | H15: 98.1 | I15: =IF(H15="","",RANK(H15,$H$5:$H$430)) -> 11 | J15: 0.12640056 | K15: 67.6 | L15: =IF(K15="","",RANK(K15,$K$5:$K$430)) -> 139 | M15: 0.27848101 | N15: 87.2 | O15: =IF(N15="","",RANK(N15,$N$5:$N$430)) -> 50 | P15: =IF(AND(N(H15)>=N(K15),N(H15)>=N(N15)),"The Pulse",IF(N(K15)>=N(N15),"The Lens","The Hub")) -> The Pulse | Q15: Low | R15: Yes | S15: vendor_b, vendor_c
A16: Creator 489 | B16: CR00489 | C16: @creator489_instagram | D16: CA | E16: 164740 | F16: mid | G16: 2.4872284 | H16: 97.7 | I16: =IF(H16="","",RANK(H16,$H$5:$H$430)) -> 12 | J16: 0.088542355 | K16: 55 | L16: =IF(K16="","",RANK(K16,$K$5:$K$430)) -> 189 | M16: 0.31161103 | N16: 91.8 | O16: =IF(N16="","",RANK(N16,$N$5:$N$430)) -> 32 | P16: =IF(AND(N(H16)>=N(K16),N(H16)>=N(N16)),"The Pulse",IF(N(K16)>=N(N16),"The Lens","The Hub")) -> The Pulse | Q16: High | R16: No | S16: vendor_b
... A23: Creator 189 | B23: CR00189 | C23: @creator189_instagram | D23: US | E23: 42010 | F23: micro | G23: 2.2732683 | H23: 96.4 | I23: =IF(H23="","",RANK(H23,$H$5:$H$430)) -> 19 | J23: 0.12086446 | K23: 65.3 | L23: =IF(K23="","",RANK(K23,$K$5:$K$430)) -> 148 | M23: 0.41080402 | N23: 98.8 | O23: =IF(N23="","",RANK(N23,$N$5:$N$430)) -> 6 | P23: =IF(AND(N(H23)>=N(K23),N(H23)>=N(N23)),"The Pulse",IF(N(K23)>=N(N23),"The Lens","The Hub")) -> The Hub | Q23: High | R23: Yes | S23: vendor_b
A24: Creator 1332 | B24: CR01332 | C24: @creator1332_instagram | D24: JP | E24: 2350 | F24: nano | G24: 2.1455319 | H24: 96.2 | I24: =IF(H24="","",RANK(H24,$H$5:$H$430)) -> 20 | J24: 0.059534467 | K24: 26.8 | L24: =IF(K24="","",RANK(K24,$K$5:$K$430)) -> 303 | M24: n/a – likes hidden | O24: =IF(N24="","",RANK(N24,$N$5:$N$430)) | P24: =IF(AND(N(H24)>=N(K24),N(H24)>=N(N24)),"The Pulse",IF(N(K24)>=N(N24),"The Lens","The Hub")) -> The Pulse | Q24: Medium | R24: Yes | S24: vendor_a, vendor_b
A25: Creator 368 | B25: CR00368 | C25: @creator368_instagram | D25: BR | E25: 18270 | F25: micro | G25: 2.1250137 | H25: 96 | I25: =IF(H25="","",RANK(H25,$H$5:$H$430)) -> 21 | J25: 0.20197368 | K25: 91.4 | L25: =IF(K25="","",RANK(K25,$K$5:$K$430)) -> 38 | M25: 0.14935065 | N25: 57.6 | O25: =IF(N25="","",RANK(N25,$N$5:$N$430)) -> 161 | P25: =IF(AND(N(H25)>=N(K25),N(H25)>=N(N25)),"The Pulse",IF(N(K25)>=N(N25),"The Lens","The Hub")) -> The Pulse | Q25: High | R25: No | S25: vendor_b
A26: Creator 1442 | B26: CR01442 | C26: @creator1442_instagram | D26: KR | E26: 19679 | F26: micro | G26: 2.1116927 | H26: 95.8 | I26: =IF(H26="","",RANK(H26,$H$5:$H$430)) -> 22 | J26: 0.0016797312 | K26: 9.6 | L26: =IF(K26="","",RANK(K26,$K$5:$K$430)) -> 383 | M26: 0.062545455 | N26: 21 | O26: =IF(N26="","",RANK(N26,$N$5:$N$430)) -> 306 | P26: =IF(AND(N(H26)>=N(K26),N(H26)>=N(N26)),"The Pulse",IF(N(K26)>=N(N26),"The Lens","The Hub")) -> The Pulse | Q26: Medium | R26: No | S26: vendor_a
A27: Creator 663 | B27: CR00663 | C27: @creator663_instagram | D27: GB | E27: 335870 | F27: mid | G27: 2.0898979 | H27: 95.7 | I27: =IF(H27="","",RANK(H27,$H$5:$H$430)) -> 23 | J27: 0.17396015 | K27: 87.1 | L27: =IF(K27="","",RANK(K27,$K$5:$K$430)) -> 57 | M27: 0.16346897 | N27: 63.9 | O27: =IF(N27="","",RANK(N27,$N$5:$N$430)) -> 138 | P27: =IF(AND(N(H27)>=N(K27),N(H27)>=N(N27)),"The Pulse",IF(N(K27)>=N(N27),"The Lens","The Hub")) -> The Pulse | Q27: High | R27: Yes | S27: vendor_b
A28: Creator 546 | B28: CR00546 | C28: @creator546_instagram | D28: US | E28: 85530 | F28: micro | G28: 2.0445458 | H28: 95.5 | I28: =IF(H28="","",RANK(H28,$H$5:$H$430)) -> 24 | J28: 0.090338134 | K28: 47.4 | L28: =IF(K28="","",RANK(K28,$K$5:$K$430)) -> 224 | M28: 0.079850903 | N28: 25.9 | O28: =IF(N28="","",RANK(N28,$N$5:$N$430)) -> 288 | P28: =IF(AND(N(H28)>=N(K28),N(H28)>=N(N28)),"The Pulse",IF(N(K28)>=N(N28),"The Lens","The Hub")) -> The Pulse | Q28: Medium | R28: Yes | S28: vendor_a, vendor_b
A29: Creator 84 | B29: CR00084 | C29: @creator84_instagram | D29: JP | E29: 180880 | F29: mid | G29: 2.0433271 | H29: 95.3 | I29: =IF(H29="","",RANK(H29,$H$5:$H$430)) -> 25 | J29: 0.13085339 | K29: 74.3 | L29: =IF(K29="","",RANK(K29,$K$5:$K$430)) -> 111 | M29: 0.011918697 | N29: 3 | O29: =IF(N29="","",RANK(N29,$N$5:$N$430)) -> 375 | P29: =IF(AND(N(H29)>=N(K29),N(H29)>=N(N29)),"The Pulse",IF(N(K29)>=N(N29),"The Lens","The Hub")) -> The Pulse | Q29: High | R29: No | S29: vendor_b
A30: Creator 620 | B30: CR00620 | C30: @creator620_instagram | D30: JP | E30: 852710 | F30: mid | G30: 2.0414946 | H30: 95.1 | I30: =IF(H30="","",RANK(H30,$H$5:$H$430)) -> 26 | J30: 0.069899624 | K30: 40.7 | L30: =IF(K30="","",RANK(K30,$K$5:$K$430)) -> 250 | M30: 0.19238726 | N30: 70.6 | O30: =IF(N30="","",RANK(N30,$N$5:$N$430)) -> 114 | P30: =IF(AND(N(H30)>=N(K30),N(H30)>=N(N30)),"The Pulse",IF(N(K30)>=N(N30),"The Lens","The Hub")) -> The Pulse | Q30: Medium | R30: Yes | S30: vendor_a, vendor_b
A31: Creator 246 | B31: CR00246 | C31: https://www.instagram.com/creator246_instagram/ | D31: US | E31: 132660 | F31: mid | G31: 2.0319539 | H31: 94.9 | I31: =IF(H31="","",RANK(H31,$H$5:$H$430)) -> 27 | J31: 0.061789659 | K31: 34.3 | L31: =IF(K31="","",RANK(K31,$K$5:$K$430)) -> 274 | M31: 0.13045868 | N31: 48.5 | O31: =IF(N31="","",RANK(N31,$N$5:$N$430)) -> 197 | P31: =IF(AND(N(H31)>=N(K31),N(H31)>=N(N31)),"The Pulse",IF(N(K31)>=N(N31),"The Lens","The Hub")) -> The Pulse | Q31: High | R31: Yes | S31: vendor_b
A32: Creator 374 | B32: CR00374 | C32: @creator374_instagram | D32: MX | E32: 7461 | F32: nano | G32: 1.9725238 | H32: 94.7 | I32: =IF(H32="","",RANK(H32,$H$5:$H$430)) -> 28 | J32: 0.051882137 | K32: 21.1 | L32: =IF(K32="","",RANK(K32,$K$5:$K$430)) -> 331 | M32: 0.13255814 | N32: 49.2 | O32: =IF(N32="","",RANK(N32,$N$5:$N$430)) -> 194 | P32: =IF(AND(N(H32)>=N(K32),N(H32)>=N(N32)),"The Pulse",IF(N(K32)>=N(N32),"The Lens","The Hub")) -> The Pulse | Q32: Medium | R32: No | S32: vendor_a
A33: Creator 694 | B33: CR00694 | C33: @creator694_instagram | D33: US | E33: 21860 | F33: micro | G33: 1.9100183 | H33: 94.5 | I33: =IF(H33="","",RANK(H33,$H$5:$H$430)) -> 29 | J33: 0.12045105 | K33: 64.9 | L33: =IF(K33="","",RANK(K33,$K$5:$K$430)) -> 150 | M33: 0.031919962 | N33: 9.8 | O33: =IF(N33="","",RANK(N33,$N$5:$N$430)) -> 348 | P33: =IF(AND(N(H33)>=N(K33),N(H33)>=N(N33)),"The Pulse",IF(N(K33)>=N(N33),"The Lens","The Hub")) -> The Pulse | Q33: High | R33: No | S33: vendor_b
A34: Creator 741 | B34: CR00741 | C34: @creator741_instagram | D34: MX | E34: 24050 | F34: micro | G34: 1.8939709 | H34: 94.3 | I34: =IF(H34="","",RANK(H34,$H$5:$H$430)) -> 30 | J34: 0.22641509 | K34: 95.5 | L34: =IF(K34="","",RANK(K34,$K$5:$K$430)) -> 21 | M34: 0.082191781 | N34: 27.3 | O34: =IF(N34="","",RANK(N34,$N$5:$N$430)) -> 282 | P34: =IF(AND(N(H34)>=N(K34),N(H34)>=N(N34)),"The Pulse",IF(N(K34)>=N(N34),"The Lens","The Hub")) -> The Lens | Q34: High | R34: Yes | S34: vendor_b
A35: Creator 1051 | B35: CR01051 | C35: @creator1051_instagram | D35: JP | E35: 39277 | F35: micro | G35: 1.8700512 | H35: 94.1 | I35: =IF(H35="","",RANK(H35,$H$5:$H$430)) -> 31 | J35: 0.10272896 | K35: 54.6 | L35: =IF(K35="","",RANK(K35,$K$5:$K$430)) -> 191 | M35: 0.25902579 | N35: 83.9 | O35: =IF(N35="","",RANK(N35,$N$5:$N$430)) -> 63 | P35: =IF(AND(N(H35)>=N(K35),N(H35)>=N(N35)),"The Pulse",IF(N(K35)>=N(N35),"The Lens","The Hub")) -> The Pulse | Q35: Medium | R35: No | S35: vendor_a
A36: Creator 366 | B36: CR00366 | C36: @creator366_instagram | D36: KR | E36: 136460 | F36: mid | G36: 1.8532171 | H36: 94 | I36: =IF(H36="","",RANK(H36,$H$5:$H$430)) -> 32 | J36: 0.014647929 | K36: 17.1 | L36: =IF(K36="","",RANK(K36,$K$5:$K$430)) -> 349 | M36: 0.11403703 | N36: 41.5 | O36: =IF(N36="","",RANK(N36,$N$5:$N$430)) -> 225 | P36: =IF(AND(N(H36)>=N(K36),N(H36)>=N(N36)),"The Pulse",IF(N(K36)>=N(N36),"The Lens","The Hub")) -> The Pulse | Q36: High | R36: No | S36: vendor_b
A37: Creator 230 | B37: CR00230 | C37: https://www.instagram.com/creator230_instagram/ | D37: BR | E37: 21650 | F37: micro | G37: 1.8462818 | H37: 93.8 | I37: =IF(H37="","",RANK(H37,$H$5:$H$430)) -> 33 | J37: 0.18112384 | K37: 87.3 | L37: =IF(K37="","",RANK(K37,$K$5:$K$430)) -> 55 | M37: 0.085635359 | N37: 29.4 | O37: =IF(N37="","",RANK(N37,$N$5:$N$430)) -> 274 | P37: =IF(AND(N(H37)>=N(K37),N(H37)>=N(N37)),"The Pulse",IF(N(K37)>=N(N37),"The Lens","The Hub")) -> The Pulse | Q37: High | R37: No | S37: vendor_b
A38: Creator 764 | B38: CR00764 | C38: @creator764_instagram | D38: IN | E38: 35610 | F38: micro | G38: 1.7772255 | H38: 93.6 | I38: =IF(H38="","",RANK(H38,$H$5:$H$430)) -> 34 | J38: 0.0063815656 | K38: 10.3 | L38: =IF(K38="","",RANK(K38,$K$5:$K$430)) -> 380 | M38: n/a – likes hidden | O38: =IF(N38="","",RANK(N38,$N$5:$N$430)) | P38: =IF(AND(N(H38)>=N(K38),N(H38)>=N(N38)),"The Pulse",IF(N(K38)>=N(N38),"The Lens","The Hub")) -> The Pulse | Q38: Medium | R38: No | S38: vendor_a, vendor_b
A39: Creator 41 | B39: CR00041 | C39: @creator41_instagram | D39: IN | E39: 20130 | F39: micro | G39: 1.7767511 | H39: 93.4 | I39: =IF(H39="","",RANK(H39,$H$5:$H$430)) -> 35 | J39: 0.097002725 | K39: 50.2 | L39: =IF(K39="","",RANK(K39,$K$5:$K$430)) -> 214 | M39: n/a – likes hidden | O39: =IF(N39="","",RANK(N39,$N$5:$N$430)) | P39: =IF(AND(N(H39)>=N(K39),N(H39)>=N(N39)),"The Pulse",IF(N(K39)>=N(N39),"The Lens","The Hub")) -> The Pulse | Q39: High | R39: Yes | S39: vendor_b
A40: Creator 86 | B40: CR00086 | C40: @creator86_instagram | D40: US | E40: 17620 | F40: micro | G40: 1.7559024 | H40: 93 | I40: =IF(H40="","",RANK(H40,$H$5:$H$430)) -> 36 | J40: 0.073735527 | K40: 40.2 | L40: =IF(K40="","",RANK(K40,$K$5:$K$430)) -> 252 | M40: 0.27635542 | N40: 86.7 | O40: =IF(N40="","",RANK(N40,$N$5:$N$430)) -> 52 | P40: =IF(AND(N(H40)>=N(K40),N(H40)>=N(N40)),"The Pulse",IF(N(K40)>=N(N40),"The Lens","The Hub")) -> The Pulse | Q40: High | R40: Yes | S40: vendor_b
A41: Creator 1106 | B41: CR01106 | C41: @creator1106_instagram | D41: GB | E41: 41140 | F41: micro | G41: 1.7097493 | H41: 92.2 | I41: =IF(H41="","",RANK(H41,$H$5:$H$430)) -> 37 | J41: -0.026272189 | K41: 4.5 | L41: =IF(K41="","",RANK(K41,$K$5:$K$430)) -> 408 | M41: 0.13428048 | N41: 50.3 | O41: =IF(N41="","",RANK(N41,$N$5:$N$430)) -> 189 | P41: =IF(AND(N(H41)>=N(K41),N(H41)>=N(N41)),"The Pulse",IF(N(K41)>=N(N41),"The Lens","The Hub")) -> The Pulse | Q41: Medium | R41: Yes | S41: vendor_a, vendor_b
A42: Creator 1268 | B42: CR01268 | C42: @creator1268_instagram | D42: CA | E42: 64560 | F42: micro | G42: 1.7063817 | H42: 92.1 | I42: =IF(H42="","",RANK(H42,$H$5:$H$430)) -> 38 | J42: -0.018397446 | K42: 6.5 | L42: =IF(K42="","",RANK(K42,$K$5:$K$430)) -> 398 | M42: 0.16371134 | N42: 64.1 | O42: =IF(N42="","",RANK(N42,$N$5:$N$430)) -> 137 | P42: =IF(AND(N(H42)>=N(K42),N(H42)>=N(N42)),"The Pulse",IF(N(K42)>=N(N42),"The Lens","The Hub")) -> The Pulse | Q42: High | R42: Yes | S42: vendor_b
A43: Creator 1168 | B43: CR01168 | C43: @creator1168_instagram | D43: BR | E43: 18230 | F43: micro | G43: 1.681514 | H43: 91.9 | I43: =IF(H43="","",RANK(H43,$H$5:$H$430)) -> 39 | J43: 0.16411239 | K43: 80.1 | L43: =IF(K43="","",RANK(K43,$K$5:$K$430)) -> 87 | M43: 0.36896878 | N43: 95.8 | O43: =IF(N43="","",RANK(N43,$N$5:$N$430)) -> 16 | P43: =IF(AND(N(H43)>=N(K43),N(H43)>=N(N43)),"The Pulse",IF(N(K43)>=N(N43),"The Lens","The Hub")) -> The Hub | Q43: High | R43: Yes | S43: vendor_b
A44: Creator 497 | B44: CR00497 | C44: https://www.instagram.com/creator497_instagram/ | D44: MX | E44: 19100 | F44: micro | G44: 1.6800524 | H44: 91.7 | I44: =IF(H44="","",RANK(H44,$H$5:$H$430)) -> 40 | J44: 0.10023041 | K44: 52.6 | L44: =IF(K44="","",RANK(K44,$K$5:$K$430)) -> 202 | M44: 0.094661283 | N44: 34 | O44: =IF(N44="","",RANK(N44,$N$5:$N$430)) -> 256 | P44: =IF(AND(N(H44)>=N(K44),N(H44)>=N(N44)),"The Pulse",IF(N(K44)>=N(N44),"The Lens","The Hub")) -> The Pulse | Q44: High | R44: Yes | S44: vendor_b
A45: Creator 1374 | B45: CR01374 | C45: @creator1374_instagram | D45: KR | E45: 8910 | F45: nano | G45: 1.6569024 | H45: 91.5 | I45: =IF(H45="","",RANK(H45,$H$5:$H$430)) -> 41 | J45: 0.25316456 | K45: 98.6 | L45: =IF(K45="","",RANK(K45,$K$5:$K$430)) -> 7 | M45: 0.10174881 | N45: 36.4 | O45: =IF(N45="","",RANK(N45,$N$5:$N$430)) -> 247 | P45: =IF(AND(N(H45)>=N(K45),N(H45)>=N(N45)),"The Pulse",IF(N(K45)>=N(N45),"The Lens","The Hub")) -> The Lens | Q45: High | R45: Yes | S45: vendor_b
A46: Creator 979 | B46: CR00979 | C46: https://www.instagram.com/creator979_instagram/ | D46: US | E46: 12720 | F46: micro | G46: 1.6352987 | H46: 91.3 | I46: =IF(H46="","",RANK(H46,$H$5:$H$430)) -> 42 | J46: 0.10872152 | K46: 57.4 | L46: =IF(K46="","",RANK(K46,$K$5:$K$430)) -> 183 | M46: 0.20472441 | N46: 74.8 | O46: =IF(N46="","",RANK(N46,$N$5:$N$430)) -> 97 | P46: =IF(AND(N(H46)>=N(K46),N(H46)>=N(N46)),"The Pulse",IF(N(K46)>=N(N46),"The Lens","The Hub")) -> The Pulse | Q46: Low | R46: Yes | S46: vendor_b, vendor_c
A47: Creator 591 | B47: CR00591 | C47: @creator591_instagram | D47: MX | E47: 76200 | F47: micro | G47: 1.6266667 | H47: 91.1 | I47: =IF(H47="","",RANK(H47,$H$5:$H$430)) -> 43 | J47: 0.0086035738 | K47: 11 | L47: =IF(K47="","",RANK(K47,$K$5:$K$430)) -> 377 | M47: 0.21472991 | N47: 75.8 | O47: =IF(N47="","",RANK(N47,$N$5:$N$430)) -> 94 | P47: =IF(AND(N(H47)>=N(K47),N(H47)>=N(N47)),"The Pulse",IF(N(K47)>=N(N47),"The Lens","The Hub")) -> The Pulse | Q47: High | R47: No | S47: vendor_b
A48: Creator 379 | B48: CR00379 | C48: @creator379_instagram | D48: BR | E48: 135790 | F48: mid | G48: 1.6187348 | H48: 90.9 | I48: =IF(H48="","",RANK(H48,$H$5:$H$430)) -> 44 | J48: 0.073863187 | K48: 42.9 | L48: =IF(K48="","",RANK(K48,$K$5:$K$430)) -> 240 | M48: 0.050913688 | N48: 15.9 | O48: =IF(N48="","",RANK(N48,$N$5:$N$430)) -> 326 | P48: =IF(AND(N(H48)>=N(K48),N(H48)>=N(N48)),"The Pulse",IF(N(K48)>=N(N48),"The Lens","The Hub")) -> The Pulse | Q48: High | R48: Yes | S48: vendor_b
A49: Creator 1367 | B49: CR01367 | C49: @creator1367_instagram | D49: FR | E49: 74520 | F49: micro | G49: 1.5794686 | H49: 90.7 | I49: =IF(H49="","",RANK(H49,$H$5:$H$430)) -> 45 | J49: 0.23807942 | K49: 97.3 | L49: =IF(K49="","",RANK(K49,$K$5:$K$430)) -> 14 | M49: 0.29618182 | N49: 89.7 | O49: =IF(N49="","",RANK(N49,$N$5:$N$430)) -> 40 | P49: =IF(AND(N(H49)>=N(K49),N(H49)>=N(N49)),"The Pulse",IF(N(K49)>=N(N49),"The Lens","The Hub")) -> The Lens | Q49: High | R49: Yes | S49: vendor_b
A50: Creator 724 | B50: CR00724 | C50: @creator724_instagram | D50: US | E50: 70500 | F50: micro | G50: 1.5516028 | H50: 90.5 | I50: =IF(H50="","",RANK(H50,$H$5:$H$430)) -> 46 | J50: 0.096252527 | K50: 49.1 | L50: =IF(K50="","",RANK(K50,$K$5:$K$430)) -> 220 | M50: n/a – likes hidden | O50: =IF(N50="","",RANK(N50,$N$5:$N$430)) | P50: =IF(AND(N(H50)>=N(K50),N(H50)>=N(N50)),"The Pulse",IF(N(K50)>=N(N50),"The Lens","The Hub")) -> The Pulse | Q50: High | R50: No | S50: vendor_b
A51: Creator 277 | B51: CR00277 | C51: @creator277_instagram | D51: DE | E51: 84833 | F51: micro | G51: 1.5465915 | H51: 90.4 | I51: =IF(H51="","",RANK(H51,$H$5:$H$430)) -> 47 | J51: 0.10258643 | K51: 54 | L51: =IF(K51="","",RANK(K51,$K$5:$K$430)) -> 194 | M51: n/a – likes hidden | O51: =IF(N51="","",RANK(N51,$N$5:$N$430)) | P51: =IF(AND(N(H51)>=N(K51),N(H51)>=N(N51)),"The Pulse",IF(N(K51)>=N(N51),"The Lens","The Hub")) -> The Pulse | Q51: Medium | R51: No | S51: vendor_a
A52: Creator 1448 | B52: CR01448 | C52: https://www.instagram.com/creator1448_instagram/ | D52: US | E52: 90300 | F52: micro | G52: 1.546412 | H52: 90.2 | I52: =IF(H52="","",RANK(H52,$H$5:$H$430)) -> 48 | J52: 0.093352706 | K52: 48.5 | L52: =IF(K52="","",RANK(K52,$K$5:$K$430)) -> 222 | M52: 0.13692022 | N52: 51.7 | O52: =IF(N52="","",RANK(N52,$N$5:$N$430)) -> 183 | P52: =IF(AND(N(H52)>=N(K52),N(H52)>=N(N52)),"The Pulse",IF(N(K52)>=N(N52),"The Lens","The Hub")) -> The Pulse | Q52: High | R52: Yes | S52: vendor_b
A53: Creator 1025 | B53: CR01025 | C53: https://www.instagram.com/creator1025_instagram/ | D53: JP | E53: 363560 | F53: mid | G53: 1.5233634 | H53: 90 | I53: =IF(H53="","",RANK(H53,$H$5:$H$430)) -> 49 | J53: 0.22592393 | K53: 96.4 | L53: =IF(K53="","",RANK(K53,$K$5:$K$430)) -> 17 | M53: 0.058951821 | N53: 19.8 | O53: =IF(N53="","",RANK(N53,$N$5:$N$430)) -> 310 | P53: =IF(AND(N(H53)>=N(K53),N(H53)>=N(N53)),"The Pulse",IF(N(K53)>=N(N53),"The Lens","The Hub")) -> The Lens | Q53: High | R53: No | S53: vendor_b
A54: Creator 1359 | B54: CR01359 | C54: https://www.instagram.com/creator1359_instagram/ | D54: DE | E54: 33210 | F54: micro | G54: 1.5160494 | H54: 89.8 | I54: =IF(H54="","",RANK(H54,$H$5:$H$430)) -> 50 | J54: 0.16813225 | K54: 81.8 | L54: =IF(K54="","",RANK(K54,$K$5:$K$430)) -> 79 | M54: 0.15319662 | N54: 59.4 | O54: =IF(N54="","",RANK(N54,$N$5:$N$430)) -> 153 | P54: =IF(AND(N(H54)>=N(K54),N(H54)>=N(N54)),"The Pulse",IF(N(K54)>=N(N54),"The Lens","The Hub")) -> The Pulse | Q54: High | R54: Yes | S54: vendor_b
A55: Creator 1241 | B55: CR01241 | C55: @creator1241_instagram | D55: MX | E55: 16509 | F55: micro | G55: 1.5145721 | H55: 89.6 | I55: =IF(H55="","",RANK(H55,$H$5:$H$430)) -> 51 | J55: -0.19432922 | K55: 0.3 | L55: =IF(K55="","",RANK(K55,$K$5:$K$430)) -> 426 | M55: n/a – likes hidden | O55: =IF(N55="","",RANK(N55,$N$5:$N$430)) | P55: =IF(AND(N(H55)>=N(K55),N(H55)>=N(N55)),"The Pulse",IF(N(K55)>=N(N55),"The Lens","The Hub")) -> The Pulse | Q55: Low | R55: Yes | S55: vendor_a, vendor_c
A56: Creator 766 | B56: CR00766 | C56: https://www.instagram.com/creator766_instagram/ | D56: MX | E56: 100910 | F56: mid | G56: 1.4968586 | H56: 89.4 | I56: =IF(H56="","",RANK(H56,$H$5:$H$430)) -> 52 | J56: 0.13611799 | K56: 76.4 | L56: =IF(K56="","",RANK(K56,$K$5:$K$430)) -> 101 | M56: n/a – likes hidden | O56: =IF(N56="","",RANK(N56,$N$5:$N$430)) | P56: =IF(AND(N(H56)>=N(K56),N(H56)>=N(N56)),"The Pulse",IF(N(K56)>=N(N56),"The Lens","The Hub")) -> The Pulse | Q56: High | R56: Yes | S56: vendor_b
A57: Creator 754 | B57: CR00754 | C57: @creator754_instagram | D57: CA | E57: 15370 | F57: micro | G57: 1.4925179 | H57: 89.2 | I57: =IF(H57="","",RANK(H57,$H$5:$H$430)) -> 53 | J57: 0.2660626 | K57: 99.3 | L57: =IF(K57="","",RANK(K57,$K$5:$K$430)) -> 5 | M57: n/a – likes hidden | O57: =IF(N57="","",RANK(N57,$N$5:$N$430)) | P57: =IF(AND(N(H57)>=N(K57),N(H57)>=N(N57)),"The Pulse",IF(N(K57)>=N(N57),"The Lens","The Hub")) -> The Lens | Q57: High | R57: Yes | S57: vendor_b
A58: Creator 519 | B58: CR00519 | C58: @creator519_instagram | D58: CA | E58: 75760 | F58: micro | G58: 1.4826822 | H58: 89 | I58: =IF(H58="","",RANK(H58,$H$5:$H$430)) -> 54 | J58: 0.10954892 | K58: 59.1 | L58: =IF(K58="","",RANK(K58,$K$5:$K$430)) -> 176 | M58: 0.050396563 | N58: 15.4 | O58: =IF(N58="","",RANK(N58,$N$5:$N$430)) -> 328 | P58: =IF(AND(N(H58)>=N(K58),N(H58)>=N(N58)),"The Pulse",IF(N(K58)>=N(N58),"The Lens","The Hub")) -> The Pulse | Q58: High | R58: No | S58: vendor_b
A59: Creator 641 | B59: CR00641 | C59: @creator641_instagram | D59: IN | E59: 19690 | F59: micro | G59: 1.4753174 | H59: 88.8 | I59: =IF(H59="","",RANK(H59,$H$5:$H$430)) -> 55 | J59: 0.050133333 | K59: 27.5 | L59: =IF(K59="","",RANK(K59,$K$5:$K$430)) -> 301 | M59: 0.13314448 | N59: 49.4 | O59: =IF(N59="","",RANK(N59,$N$5:$N$430)) -> 193 | P59: =IF(AND(N(H59)>=N(K59),N(H59)>=N(N59)),"The Pulse",IF(N(K59)>=N(N59),"The Lens","The Hub")) -> The Pulse | Q59: High | R59: Yes | S59: vendor_b
A60: Creator 285 | B60: CR00285 | C60: @creator285_instagram | D60: CA | E60: 119160 | F60: mid | G60: 1.4327627 | H60: 88.5 | I60: =IF(H60="","",RANK(H60,$H$5:$H$430)) -> 56 | J60: 0.0063339245 | K60: 15 | L60: =IF(K60="","",RANK(K60,$K$5:$K$430)) -> 359 | M60: n/a – likes hidden | O60: =IF(N60="","",RANK(N60,$N$5:$N$430)) | P60: =IF(AND(N(H60)>=N(K60),N(H60)>=N(N60)),"The Pulse",IF(N(K60)>=N(N60),"The Lens","The Hub")) -> The Pulse | Q60: High | R60: No | S60: vendor_b
A61: Creator 1309 | B61: CR01309 | C61: @creator1309_instagram | D61: JP | E61: 59870 | F61: micro | G61: 1.4220645 | H61: 88.3 | I61: =IF(H61="","",RANK(H61,$H$5:$H$430)) -> 57 | J61: 0.13347217 | K61: 71.1 | L61: =IF(K61="","",RANK(K61,$K$5:$K$430)) -> 124 | M61: 0.28245828 | N61: 87.9 | O61: =IF(N61="","",RANK(N61,$N$5:$N$430)) -> 47 | P61: =IF(AND(N(H61)>=N(K61),N(H61)>=N(N61)),"The Pulse",IF(N(K61)>=N(N61),"The Lens","The Hub")) -> The Pulse | Q61: High | R61: Yes | S61: vendor_b
A62: Creator 298 | B62: CR00298 | C62: @creator298_instagram | D62: CA | E62: 25240 | F62: micro | G62: 1.4156498 | H62: 88.1 | I62: =IF(H62="","",RANK(H62,$H$5:$H$430)) -> 58 | J62: 0.16905975 | K62: 82.1 | L62: =IF(K62="","",RANK(K62,$K$5:$K$430)) -> 77 | M62: 0.071585903 | N62: 23.5 | O62: =IF(N62="","",RANK(N62,$N$5:$N$430)) -> 298 | P62: =IF(AND(N(H62)>=N(K62),N(H62)>=N(N62)),"The Pulse",IF(N(K62)>=N(N62),"The Lens","The Hub")) -> The Pulse | Q62: High | R62: No | S62: vendor_b
A63: Creator 1118 | B63: CR01118 | C63: @creator1118_instagram | D63: BR | E63: 14960 | F63: micro | G63: 1.3960561 | H63: 87.9 | I63: =IF(H63="","",RANK(H63,$H$5:$H$430)) -> 59 | J63: 0.029593944 | K63: 17.9 | L63: =IF(K63="","",RANK(K63,$K$5:$K$430)) -> 346 | M63: n/a – likes hidden | O63: =IF(N63="","",RANK(N63,$N$5:$N$430)) | P63: =IF(AND(N(H63)>=N(K63),N(H63)>=N(N63)),"The Pulse",IF(N(K63)>=N(N63),"The Lens","The Hub")) -> The Pulse | Q63: High | R63: Yes | S63: vendor_b
A64: Creator 327 | B64: CR00327 | C64: @creator327_instagram | D64: MX | E64: 27220 | F64: micro | G64: 1.3862968 | H64: 87.5 | I64: =IF(H64="","",RANK(H64,$H$5:$H$430)) -> 60 | J64: 0.16723842 | K64: 81.1 | L64: =IF(K64="","",RANK(K64,$K$5:$K$430)) -> 83 | M64: 0.22760041 | N64: 78.1 | O64: =IF(N64="","",RANK(N64,$N$5:$N$430)) -> 87 | P64: =IF(AND(N(H64)>=N(K64),N(H64)>=N(N64)),"The Pulse",IF(N(K64)>=N(N64),"The Lens","The Hub")) -> The Pulse | Q64: High | R64: Yes | S64: vendor_b
A65: Creator 1199 | B65: CR01199 | C65: @creator1199_instagram | D65: GB | E65: 31160 | F65: micro | G65: 1.3830552 | H65: 87.1 | I65: =IF(H65="","",RANK(H65,$H$5:$H$430)) -> 61 | J65: 0.01330038 | K65: 11.7 | L65: =IF(K65="","",RANK(K65,$K$5:$K$430)) -> 374 | M65: 0.13200431 | N65: 48.7 | O65: =IF(N65="","",RANK(N65,$N$5:$N$430)) -> 196 | P65: =IF(AND(N(H65)>=N(K65),N(H65)>=N(N65)),"The Pulse",IF(N(K65)>=N(N65),"The Lens","The Hub")) -> The Pulse | Q65: Medium | R65: Yes | S65: vendor_a
A66: Creator 131 | B66: CR00131 | C66: @creator131_instagram | D66: FR | E66: 59020 | F66: micro | G66: 1.3711454 | H66: 87 | I66: =IF(H66="","",RANK(H66,$H$5:$H$430)) -> 62 | J66: 0.026256303 | K66: 16.2 | L66: =IF(K66="","",RANK(K66,$K$5:$K$430)) -> 353 | M66: n/a – likes hidden | O66: =IF(N66="","",RANK(N66,$N$5:$N$430)) | P66: =IF(AND(N(H66)>=N(K66),N(H66)>=N(N66)),"The Pulse",IF(N(K66)>=N(N66),"The Lens","The Hub")) -> The Pulse | Q66: High | R66: No | S66: vendor_b
A67: Creator 481 | B67: CR00481 | C67: @creator481_instagram | D67: BR | E67: 1207050 | F67: macro | G67: 1.3618922 | H67: 86.8 | I67: =IF(H67="","",RANK(H67,$H$5:$H$430)) -> 63 | J67: 0.037492587 | K67: 5.9 | L67: =IF(K67="","",RANK(K67,$K$5:$K$430)) -> 401 | M67: 0.022187249 | N67: 6.5 | O67: =IF(N67="","",RANK(N67,$N$5:$N$430)) -> 362 | P67: =IF(AND(N(H67)>=N(K67),N(H67)>=N(N67)),"The Pulse",IF(N(K67)>=N(N67),"The Lens","The Hub")) -> The Pulse | Q67: High | R67: Yes | S67: vendor_b
A68: Creator 791 | B68: CR00791 | C68: @creator791_instagram | D68: BR | E68: 19750 | F68: micro | G68: 1.328557 | H68: 86.4 | I68: =IF(H68="","",RANK(H68,$H$5:$H$430)) -> 64 | J68: 0.061827957 | K68: 33.7 | L68: =IF(K68="","",RANK(K68,$K$5:$K$430)) -> 276 | M68: 0.17954071 | N68: 67.8 | O68: =IF(N68="","",RANK(N68,$N$5:$N$430)) -> 123 | P68: =IF(AND(N(H68)>=N(K68),N(H68)>=N(N68)),"The Pulse",IF(N(K68)>=N(N68),"The Lens","The Hub")) -> The Pulse | Q68: High | R68: Yes | S68: vendor_b
A69: Creator 559 | B69: CR00559 | C69: @creator559_instagram | D69: BR | E69: 7313 | F69: nano | G69: 1.3139614 | H69: 86.2 | I69: =IF(H69="","",RANK(H69,$H$5:$H$430)) -> 65 | J69: 0.02208246 | K69: 9.9 | L69: =IF(K69="","",RANK(K69,$K$5:$K$430)) -> 382 | M69: 0.11272142 | N69: 40.8 | O69: =IF(N69="","",RANK(N69,$N$5:$N$430)) -> 228 | P69: =IF(AND(N(H69)>=N(K69),N(H69)>=N(N69)),"The Pulse",IF(N(K69)>=N(N69),"The Lens","The Hub")) -> The Pulse | Q69: Medium | R69: Yes | S69: vendor_a
A70: Creator 437 | B70: CR00437 | C70: @creator437_instagram | D70: CA | E70: 17470 | F70: micro | G70: 1.3123068 | H70: 86 | I70: =IF(H70="","",RANK(H70,$H$5:$H$430)) -> 66 | J70: 0.1756393 | K70: 85.9 | L70: =IF(K70="","",RANK(K70,$K$5:$K$430)) -> 60 | M70: 0.12909091 | N70: 47.1 | O70: =IF(N70="","",RANK(N70,$N$5:$N$430)) -> 203 | P70: =IF(AND(N(H70)>=N(K70),N(H70)>=N(N70)),"The Pulse",IF(N(K70)>=N(N70),"The Lens","The Hub")) -> The Pulse | Q70: High | R70: Yes | S70: vendor_b
A71: Creator 34 | B71: CR00034 | C71: @creator34_instagram | D71: CA | E71: 50410 | F71: micro | G71: 1.2897243 | H71: 85.8 | I71: =IF(H71="","",RANK(H71,$H$5:$H$430)) -> 67 | J71: 0.049552363 | K71: 26.8 | L71: =IF(K71="","",RANK(K71,$K$5:$K$430)) -> 303 | M71: 0.057285181 | N71: 18.6 | O71: =IF(N71="","",RANK(N71,$N$5:$N$430)) -> 315 | P71: =IF(AND(N(H71)>=N(K71),N(H71)>=N(N71)),"The Pulse",IF(N(K71)>=N(N71),"The Lens","The Hub")) -> The Pulse | Q71: High | R71: No | S71: vendor_b
A72: Creator 735 | B72: CR00735 | C72: @creator735_instagram | D72: BR | E72: 2960 | F72: nano | G72: 1.289527 | H72: 85.6 | I72: =IF(H72="","",RANK(H72,$H$5:$H$430)) -> 68 | J72: 0.046715841 | K72: 16.9 | L72: =IF(K72="","",RANK(K72,$K$5:$K$430)) -> 350 | M72: 0.17333333 | N72: 66.2 | O72: =IF(N72="","",RANK(N72,$N$5:$N$430)) -> 130 | P72: =IF(AND(N(H72)>=N(K72),N(H72)>=N(N72)),"The Pulse",IF(N(K72)>=N(N72),"The Lens","The Hub")) -> The Pulse | Q72: Low | R72: Yes | S72: vendor_b, vendor_c
A73: Creator 404 | B73: CR00404 | C73: @creator404_instagram | D73: CA | E73: 1148762 | F73: macro | G73: 1.2872553 | H73: 85.4 | I73: =IF(H73="","",RANK(H73,$H$5:$H$430)) -> 69 | J73: 0.045095811 | K73: 11.8 | L73: =IF(K73="","",RANK(K73,$K$5:$K$430)) -> 373 | M73: 0.17820884 | N73: 67.4 | O73: =IF(N73="","",RANK(N73,$N$5:$N$430)) -> 125 | P73: =IF(AND(N(H73)>=N(K73),N(H73)>=N(N73)),"The Pulse",IF(N(K73)>=N(N73),"The Lens","The Hub")) -> The Pulse | Q73: Medium | R73: Yes | S73: vendor_a
A74: Creator 1298 | B74: CR01298 | C74: @creator1298_instagram | D74: DE | E74: 22710 | F74: micro | G74: 1.2695288 | H74: 85.3 | I74: =IF(H74="","",RANK(H74,$H$5:$H$430)) -> 70 | J74: 0.07274445 | K74: 39.2 | L74: =IF(K74="","",RANK(K74,$K$5:$K$430)) -> 257 | M74: 0.12711864 | N74: 46.4 | O74: =IF(N74="","",RANK(N74,$N$5:$N$430)) -> 205 | P74: =IF(AND(N(H74)>=N(K74),N(H74)>=N(N74)),"The Pulse",IF(N(K74)>=N(N74),"The Lens","The Hub")) -> The Pulse | Q74: High | R74: No | S74: vendor_b
A75: Creator 976 | B75: CR00976 | C75: @creator976_instagram | D75: DE | E75: 18970 | F75: micro | G75: 1.2491829 | H75: 85.1 | I75: =IF(H75="","",RANK(H75,$H$5:$H$430)) -> 71 | J75: 0.19609079 | K75: 90.4 | L75: =IF(K75="","",RANK(K75,$K$5:$K$430)) -> 43 | M75: 0.32952253 | N75: 93.5 | O75: =IF(N75="","",RANK(N75,$N$5:$N$430)) -> 25 | P75: =IF(AND(N(H75)>=N(K75),N(H75)>=N(N75)),"The Pulse",IF(N(K75)>=N(N75),"The Lens","The Hub")) -> The Hub | Q75: High | R75: No | S75: vendor_b
A76: Creator 403 | B76: CR00403 | C76: @creator403_instagram | D76: JP | E76: 505860 | F76: mid | G76: 1.2465326 | H76: 84.9 | I76: =IF(H76="","",RANK(H76,$H$5:$H$430)) -> 72 | J76: 0.11933264 | K76: 68.6 | L76: =IF(K76="","",RANK(K76,$K$5:$K$430)) -> 135 | M76: n/a – likes hidden | O76: =IF(N76="","",RANK(N76,$N$5:$N$430)) | P76: =IF(AND(N(H76)>=N(K76),N(H76)>=N(N76)),"The Pulse",IF(N(K76)>=N(N76),"The Lens","The Hub")) -> The Pulse | Q76: High | R76: No | S76: vendor_b
A77: Creator 68 | B77: CR00068 | C77: @creator68_instagram | D77: GB | E77: 104240 | F77: mid | G77: 1.2324252 | H77: 84.7 | I77: =IF(H77="","",RANK(H77,$H$5:$H$430)) -> 73 | J77: 0.011744152 | K77: 15.7 | L77: =IF(K77="","",RANK(K77,$K$5:$K$430)) -> 355 | M77: 0.16603668 | N77: 64.8 | O77: =IF(N77="","",RANK(N77,$N$5:$N$430)) -> 136 | P77: =IF(AND(N(H77)>=N(K77),N(H77)>=N(N77)),"The Pulse",IF(N(K77)>=N(N77),"The Lens","The Hub")) -> The Pulse | Q77: High | R77: No | S77: vendor_b
A78: Creator 1085 | B78: CR01085 | C78: @creator1085_instagram | D78: MX | E78: 13090 | F78: micro | G78: 1.2314744 | H78: 84.5 | I78: =IF(H78="","",RANK(H78,$H$5:$H$430)) -> 74 | J78: 0.023107446 | K78: 14.1 | L78: =IF(K78="","",RANK(K78,$K$5:$K$430)) -> 361 | M78: 0.022954092 | N78: 6.8 | O78: =IF(N78="","",RANK(N78,$N$5:$N$430)) -> 361 | P78: =IF(AND(N(H78)>=N(K78),N(H78)>=N(N78)),"The Pulse",IF(N(K78)>=N(N78),"The Lens","The Hub")) -> The Pulse | Q78: Medium | R78: Yes | S78: vendor_a, vendor_b
A79: Creator 351 | B79: CR00351 | C79: @creator351_instagram | D79: US | E79: 17900 | F79: micro | G79: 1.2306704 | H79: 84.3 | I79: =IF(H79="","",RANK(H79,$H$5:$H$430)) -> 75 | J79: 0.14231015 | K79: 74.6 | L79: =IF(K79="","",RANK(K79,$K$5:$K$430)) -> 109 | M79: 0.16134185 | N79: 62.7 | O79: =IF(N79="","",RANK(N79,$N$5:$N$430)) -> 142 | P79: =IF(AND(N(H79)>=N(K79),N(H79)>=N(N79)),"The Pulse",IF(N(K79)>=N(N79),"The Lens","The Hub")) -> The Pulse | Q79: High | R79: No | S79: vendor_b
A80: Creator 1023 | B80: CR01023 | C80: @creator1023_instagram | D80: DE | E80: 29750 | F80: micro | G80: 1.2148235 | H80: 84.1 | I80: =IF(H80="","",RANK(H80,$H$5:$H$430)) -> 76 | J80: 0.17218282 | K80: 83.8 | L80: =IF(K80="","",RANK(K80,$K$5:$K$430)) -> 70 | M80: 0.060117302 | N80: 20 | O80: =IF(N80="","",RANK(N80,$N$5:$N$430)) -> 309 | P80: =IF(AND(N(H80)>=N(K80),N(H80)>=N(N80)),"The Pulse",IF(N(K80)>=N(N80),"The Lens","The Hub")) -> The Pulse | Q80: High | R80: No | S80: vendor_b
A81: Creator 100 | B81: CR00100 | C81: @creator100_instagram | D81: JP | E81: 5257 | F81: nano | G81: 1.2044893 | H81: 83.9 | I81: =IF(H81="","",RANK(H81,$H$5:$H$430)) -> 77 | J81: 0.097723951 | K81: 49.3 | L81: =IF(K81="","",RANK(K81,$K$5:$K$430)) -> 218 | M81: 0.20171674 | N81: 73.9 | O81: =IF(N81="","",RANK(N81,$N$5:$N$430)) -> 101 | P81: =IF(AND(N(H81)>=N(K81),N(H81)>=N(N81)),"The Pulse",IF(N(K81)>=N(N81),"The Lens","The Hub")) -> The Pulse | Q81: Medium | R81: Yes | S81: vendor_a, vendor_b
A82: Creator 448 | B82: CR00448 | C82: @creator448_instagram | D82: DE | E82: 8390 | F82: nano | G82: 1.2007151 | H82: 83.7 | I82: =IF(H82="","",RANK(H82,$H$5:$H$430)) -> 78 | J82: 0.10686016 | K82: 60.6 | L82: =IF(K82="","",RANK(K82,$K$5:$K$430)) -> 168 | M82: 0.25478927 | N82: 82.8 | O82: =IF(N82="","",RANK(N82,$N$5:$N$430)) -> 68 | P82: =IF(AND(N(H82)>=N(K82),N(H82)>=N(N82)),"The Pulse",IF(N(K82)>=N(N82),"The Lens","The Hub")) -> The Pulse | Q82: High | R82: No | S82: vendor_b
A83: Creator 1354 | B83: CR01354 | C83: @creator1354_instagram | D83: IN | E83: 138490 | F83: mid | G83: 1.1817893 | H83: 83.4 | I83: =IF(H83="","",RANK(H83,$H$5:$H$430)) -> 79 | J83: 0.11712511 | K83: 67.9 | L83: =IF(K83="","",RANK(K83,$K$5:$K$430)) -> 137 | M83: 0.38039307 | N83: 97.2 | O83: =IF(N83="","",RANK(N83,$N$5:$N$430)) -> 12 | P83: =IF(AND(N(H83)>=N(K83),N(H83)>=N(N83)),"The Pulse",IF(N(K83)>=N(N83),"The Lens","The Hub")) -> The Hub | Q83: High | R83: Yes | S83: vendor_b
A84: Creator 96 | B84: CR00096 | C84: https://www.instagram.com/creator96_instagram/ | D84: JP | E84: 122330 | F84: mid | G84: 1.1742173 | H84: 83.2 | I84: =IF(H84="","",RANK(H84,$H$5:$H$430)) -> 80 | J84: 0.023939064 | K84: 18.6 | L84: =IF(K84="","",RANK(K84,$K$5:$K$430)) -> 342 | M84: 0.26411483 | N84: 84.8 | O84: =IF(N84="","",RANK(N84,$N$5:$N$430)) -> 60 | P84: =IF(AND(N(H84)>=N(K84),N(H84)>=N(N84)),"The Pulse",IF(N(K84)>=N(N84),"The Lens","The Hub")) -> The Hub | Q84: High | R84: Yes | S84: vendor_b
A85: Creator 1373 | B85: CR01373 | C85: @creator1373_instagram | D85: BR | E85: 19820 | F85: micro | G85: 1.1731584 | H85: 83 | I85: =IF(H85="","",RANK(H85,$H$5:$H$430)) -> 81 | J85: -0.075990676 | K85: 2.1 | L85: =IF(K85="","",RANK(K85,$K$5:$K$430)) -> 419 | M85: 0.27044025 | N85: 85.5 | O85: =IF(N85="","",RANK(N85,$N$5:$N$430)) -> 57 | P85: =IF(AND(N(H85)>=N(K85),N(H85)>=N(N85)),"The Pulse",IF(N(K85)>=N(N85),"The Lens","The Hub")) -> The Hub | Q85: High | R85: Yes | S85: vendor_b
A86: Creator 1350 | B86: CR01350 | C86: @creator1350_instagram | D86: BR | E86: 50050 | F86: micro | G86: 1.1714486 | H86: 82.8 | I86: =IF(H86="","",RANK(H86,$H$5:$H$430)) -> 82 | J86: -0.012625764 | K86: 7.6 | L86: =IF(K86="","",RANK(K86,$K$5:$K$430)) -> 393 | M86: 0.2974607 | N86: 90.2 | O86: =IF(N86="","",RANK(N86,$N$5:$N$430)) -> 38 | P86: =IF(AND(N(H86)>=N(K86),N(H86)>=N(N86)),"The Pulse",IF(N(K86)>=N(N86),"The Lens","The Hub")) -> The Hub | Q86: High | R86: Yes | S86: vendor_b
A87: Creator 808 | B87: CR00808 | C87: @creator808_instagram | D87: KR | E87: 199990 | F87: mid | G87: 1.1588679 | H87: 82.6 | I87: =IF(H87="","",RANK(H87,$H$5:$H$430)) -> 83 | J87: 0.16816589 | K87: 84.3 | L87: =IF(K87="","",RANK(K87,$K$5:$K$430)) -> 68 | M87: 0.22471445 | N87: 77.2 | O87: =IF(N87="","",RANK(N87,$N$5:$N$430)) -> 90 | P87: =IF(AND(N(H87)>=N(K87),N(H87)>=N(N87)),"The Pulse",IF(N(K87)>=N(N87),"The Lens","The Hub")) -> The Lens | Q87: Medium | R87: Yes | S87: vendor_a, vendor_b
A88: Creator 995 | B88: CR00995 | C88: @creator995_instagram | D88: IN | E88: 12726 | F88: micro | G88: 1.1538582 | H88: 82.4 | I88: =IF(H88="","",RANK(H88,$H$5:$H$430)) -> 84 | J88: 0.20602729 | K88: 92.1 | L88: =IF(K88="","",RANK(K88,$K$5:$K$430)) -> 35 | M88: 0.02917505 | N88: 7.9 | O88: =IF(N88="","",RANK(N88,$N$5:$N$430)) -> 356 | P88: =IF(AND(N(H88)>=N(K88),N(H88)>=N(N88)),"The Pulse",IF(N(K88)>=N(N88),"The Lens","The Hub")) -> The Lens | Q88: Medium | R88: Yes | S88: vendor_a
... A106: Creator 1396 | B106: CR01396 | C106: @creator1396_instagram | D106: CA | E106: 430120 | F106: mid | G106: 0.97242165 | H106: 78.3 | I106: =IF(H106="","",RANK(H106,$H$5:$H$430)) -> 102 | J106: 0.028380155 | K106: 20 | L106: =IF(K106="","",RANK(K106,$K$5:$K$430)) -> 336 | M106: 0.15906623 | N106: 61.3 | O106: =IF(N106="","",RANK(N106,$N$5:$N$430)) -> 147 | P106: =IF(AND(N(H106)>=N(K106),N(H106)>=N(N106)),"The Pulse",IF(N(K106)>=N(N106),"The Lens","The Hub")) -> The Pulse | Q106: High | R106: No | S106: vendor_b
A107: Creator 283 | B107: CR00283 | C107: @creator283_instagram | D107: CA | E107: 1920 | F107: nano | G107: 0.96770833 | H107: 78.1 | I107: =IF(H107="","",RANK(H107,$H$5:$H$430)) -> 103 | J107: 0.10235768 | K107: 54.9 | L107: =IF(K107="","",RANK(K107,$K$5:$K$430)) -> 190 | M107: n/a – likes hidden | O107: =IF(N107="","",RANK(N107,$N$5:$N$430)) | P107: =IF(AND(N(H107)>=N(K107),N(H107)>=N(N107)),"The Pulse",IF(N(K107)>=N(N107),"The Lens","The Hub")) -> The Pulse | Q107: Low | R107: No | S107: vendor_b, vendor_c
A108: Creator 458 | B108: CR00458 | C108: @creator458_instagram | D108: IN | E108: 50960 | F108: micro | G108: 0.963854 | H108: 77.9 | I108: =IF(H108="","",RANK(H108,$H$5:$H$430)) -> 104 | J108: 0.079432324 | K108: 42.3 | L108: =IF(K108="","",RANK(K108,$K$5:$K$430)) -> 242 | M108: 0.08897127 | N108: 31.5 | O108: =IF(N108="","",RANK(N108,$N$5:$N$430)) -> 266 | P108: =IF(AND(N(H108)>=N(K108),N(H108)>=N(N108)),"The Pulse",IF(N(K108)>=N(N108),"The Lens","The Hub")) -> The Pulse | Q108: High | R108: No | S108: vendor_b
A109: Creator 858 | B109: CR00858 | C109: @creator858_instagram | D109: GB | E109: 15690 | F109: micro | G109: 0.95736138 | H109: 77.5 | I109: =IF(H109="","",RANK(H109,$H$5:$H$430)) -> 105 | J109: 0.18504532 | K109: 88 | L109: =IF(K109="","",RANK(K109,$K$5:$K$430)) -> 52 | M109: 0.032293987 | N109: 10.3 | O109: =IF(N109="","",RANK(N109,$N$5:$N$430)) -> 346 | P109: =IF(AND(N(H109)>=N(K109),N(H109)>=N(N109)),"The Pulse",IF(N(K109)>=N(N109),"The Lens","The Hub")) -> The Lens | Q109: High | R109: No | S109: vendor_b
A110: Creator 828 | B110: CR00828 | C110: @creator828_instagram | D110: JP | E110: 970 | F110: nano | G110: 0.95051546 | H110: 77.1 | I110: =IF(H110="","",RANK(H110,$H$5:$H$430)) -> 106 | J110: 0.033119658 | K110: 11.3 | L110: =IF(K110="","",RANK(K110,$K$5:$K$430)) -> 375 | M110: 0 | N110: 1.3 | O110: =IF(N110="","",RANK(N110,$N$5:$N$430)) -> 378 | P110: =IF(AND(N(H110)>=N(K110),N(H110)>=N(N110)),"The Pulse",IF(N(K110)>=N(N110),"The Lens","The Hub")) -> The Pulse | Q110: Medium | R110: No | S110: vendor_a, vendor_b
A111: Creator 750 | B111: CR00750 | C111: @creator750_instagram | D111: JP | E111: 14550 | F111: micro | G111: 0.94343643 | H111: 76.7 | I111: =IF(H111="","",RANK(H111,$H$5:$H$430)) -> 107 | J111: 0.15567911 | K111: 77.7 | L111: =IF(K111="","",RANK(K111,$K$5:$K$430)) -> 96 | M111: 0.13651877 | N111: 51.3 | O111: =IF(N111="","",RANK(N111,$N$5:$N$430)) -> 185 | P111: =IF(AND(N(H111)>=N(K111),N(H111)>=N(N111)),"The Pulse",IF(N(K111)>=N(N111),"The Lens","The Hub")) -> The Lens | Q111: Medium | R111: No | S111: vendor_a, vendor_b
A112: Creator 692 | B112: CR00692 | C112: @creator692_instagram | D112: US | E112: 28640 | F112: micro | G112: 0.93131983 | H112: 76.4 | I112: =IF(H112="","",RANK(H112,$H$5:$H$430)) -> 108 | J112: 0.12006257 | K112: 64.3 | L112: =IF(K112="","",RANK(K112,$K$5:$K$430)) -> 154 | M112: 0.3574238 | N112: 95.3 | O112: =IF(N112="","",RANK(N112,$N$5:$N$430)) -> 18 | P112: =IF(AND(N(H112)>=N(K112),N(H112)>=N(N112)),"The Pulse",IF(N(K112)>=N(N112),"The Lens","The Hub")) -> The Hub | Q112: High | R112: No | S112: vendor_b
A113: Creator 1325 | B113: CR01325 | C113: @creator1325_instagram | D113: FR | E113: 108470 | F113: mid | G113: 0.9165207 | H113: 76 | I113: =IF(H113="","",RANK(H113,$H$5:$H$430)) -> 109 | J113: -0.033674833 | K113: 7.9 | L113: =IF(K113="","",RANK(K113,$K$5:$K$430)) -> 391 | M113: 0.27310062 | N113: 86 | O113: =IF(N113="","",RANK(N113,$N$5:$N$430)) -> 55 | P113: =IF(AND(N(H113)>=N(K113),N(H113)>=N(N113)),"The Pulse",IF(N(K113)>=N(N113),"The Lens","The Hub")) -> The Hub | Q113: High | R113: Yes | S113: vendor_b
A114: Creator 622 | B114: CR00622 | C114: https://www.instagram.com/creator622_instagram/ | D114: GB | E114: 191870 | F114: mid | G114: 0.91548444 | H114: 75.8 | I114: =IF(H114="","",RANK(H114,$H$5:$H$430)) -> 110 | J114: 0.085176178 | K114: 50.7 | L114: =IF(K114="","",RANK(K114,$K$5:$K$430)) -> 211 | M114: 0.0867947 | N114: 30.1 | O114: =IF(N114="","",RANK(N114,$N$5:$N$430)) -> 272 | P114: =IF(AND(N(H114)>=N(K114),N(H114)>=N(N114)),"The Pulse",IF(N(K114)>=N(N114),"The Lens","The Hub")) -> The Pulse | Q114: Medium | R114: No | S114: vendor_a, vendor_b
A115: Creator 1432 | B115: CR01432 | C115: @creator1432_instagram | D115: KR | E115: 38230 | F115: micro | G115: 0.91373267 | H115: 75.6 | I115: =IF(H115="","",RANK(H115,$H$5:$H$430)) -> 111 | J115: 0.080553985 | K115: 43.3 | L115: =IF(K115="","",RANK(K115,$K$5:$K$430)) -> 238 | M115: 0.086021505 | N115: 29.6 | O115: =IF(N115="","",RANK(N115,$N$5:$N$430)) -> 273 | P115: =IF(AND(N(H115)>=N(K115),N(H115)>=N(N115)),"The Pulse",IF(N(K115)>=N(N115),"The Lens","The Hub")) -> The Pulse | Q115: High | R115: No | S115: vendor_b
A116: Creator 286 | B116: CR00286 | C116: @creator286_instagram | D116: US | E116: 11000 | F116: micro | G116: 0.89827273 | H116: 75.2 | I116: =IF(H116="","",RANK(H116,$H$5:$H$430)) -> 112 | J116: 0.18918919 | K116: 89.3 | L116: =IF(K116="","",RANK(K116,$K$5:$K$430)) -> 46 | M116: 0.042234332 | N116: 12.8 | O116: =IF(N116="","",RANK(N116,$N$5:$N$430)) -> 337 | P116: =IF(AND(N(H116)>=N(K116),N(H116)>=N(N116)),"The Pulse",IF(N(K116)>=N(N116),"The Lens","The Hub")) -> The Lens | Q116: High | R116: No | S116: vendor_b
A117: Creator 688 | B117: CR00688 | C117: https://www.instagram.com/creator688_instagram/ | D117: BR | E117: 18440 | F117: micro | G117: 0.89788503 | H117: 75 | I117: =IF(H117="","",RANK(H117,$H$5:$H$430)) -> 113 | J117: 0.10950662 | K117: 58.8 | L117: =IF(K117="","",RANK(K117,$K$5:$K$430)) -> 177 | M117: n/a – likes hidden | O117: =IF(N117="","",RANK(N117,$N$5:$N$430)) | P117: =IF(AND(N(H117)>=N(K117),N(H117)>=N(N117)),"The Pulse",IF(N(K117)>=N(N117),"The Lens","The Hub")) -> The Pulse | Q117: High | R117: No | S117: vendor_b
A118: Creator 130 | B118: CR00130 | C118: https://www.instagram.com/creator130_instagram/ | D118: CA | E118: 93060 | F118: micro | G118: 0.89601332 | H118: 74.9 | I118: =IF(H118="","",RANK(H118,$H$5:$H$430)) -> 114 | J118: 0.070762858 | K118: 38.1 | L118: =IF(K118="","",RANK(K118,$K$5:$K$430)) -> 261 | M118: 0.13804795 | N118: 52.4 | O118: =IF(N118="","",RANK(N118,$N$5:$N$430)) -> 180 | P118: =IF(AND(N(H118)>=N(K118),N(H118)>=N(N118)),"The Pulse",IF(N(K118)>=N(N118),"The Lens","The Hub")) -> The Pulse | Q118: High | R118: No | S118: vendor_b
A119: Creator 443 | B119: CR00443 | C119: @creator443_instagram | D119: CA | E119: 14100 | F119: micro | G119: 0.89432624 | H119: 74.7 | I119: =IF(H119="","",RANK(H119,$H$5:$H$430)) -> 115 | J119: 0.11049854 | K119: 59.8 | L119: =IF(K119="","",RANK(K119,$K$5:$K$430)) -> 172 | M119: n/a – likes hidden | O119: =IF(N119="","",RANK(N119,$N$5:$N$430)) | P119: =IF(AND(N(H119)>=N(K119),N(H119)>=N(N119)),"The Pulse",IF(N(K119)>=N(N119),"The Lens","The Hub")) -> The Pulse | Q119: Medium | R119: No | S119: vendor_a
A120: Creator 1144 | B120: CR01144 | C120: @creator1144_instagram | D120: GB | E120: 74040 | F120: micro | G120: 0.89411129 | H120: 74.5 | I120: =IF(H120="","",RANK(H120,$H$5:$H$430)) -> 116 | J120: 0.17337559 | K120: 84.9 | L120: =IF(K120="","",RANK(K120,$K$5:$K$430)) -> 65 | M120: n/a – likes hidden | O120: =IF(N120="","",RANK(N120,$N$5:$N$430)) | P120: =IF(AND(N(H120)>=N(K120),N(H120)>=N(N120)),"The Pulse",IF(N(K120)>=N(N120),"The Lens","The Hub")) -> The Lens | Q120: High | R120: Yes | S120: vendor_b
A121: Creator 799 | B121: CR00799 | C121: @creator799_instagram | D121: FR | E121: 277050 | F121: mid | G121: 0.88974914 | H121: 74.3 | I121: =IF(H121="","",RANK(H121,$H$5:$H$430)) -> 117 | J121: 0.1082 | K121: 65 | L121: =IF(K121="","",RANK(K121,$K$5:$K$430)) -> 149 | M121: 0.15580819 | N121: 60.6 | O121: =IF(N121="","",RANK(N121,$N$5:$N$430)) -> 149 | P121: =IF(AND(N(H121)>=N(K121),N(H121)>=N(N121)),"The Pulse",IF(N(K121)>=N(N121),"The Lens","The Hub")) -> The Pulse | Q121: High | R121: No | S121: vendor_b
A122: Creator 1427 | B122: CR01427 | C122: @creator1427_instagram | D122: BR | E122: 311674 | F122: mid | G122: 0.88522302 | H122: 74.1 | I122: =IF(H122="","",RANK(H122,$H$5:$H$430)) -> 118 | J122: -0.019618698 | K122: 9.3 | L122: =IF(K122="","",RANK(K122,$K$5:$K$430)) -> 384 | M122: n/a – likes hidden | O122: =IF(N122="","",RANK(N122,$N$5:$N$430)) | P122: =IF(AND(N(H122)>=N(K122),N(H122)>=N(N122)),"The Pulse",IF(N(K122)>=N(N122),"The Lens","The Hub")) -> The Pulse | Q122: Low | R122: Yes | S122: vendor_c
A123: Creator 990 | B123: CR00990 | C123: @creator990_instagram | D123: BR | E123: 14327 | F123: micro | G123: 0.87855099 | H123: 73.9 | I123: =IF(H123="","",RANK(H123,$H$5:$H$430)) -> 119 | J123: 0.10701592 | K123: 56 | L123: =IF(K123="","",RANK(K123,$K$5:$K$430)) -> 186 | M123: 0.0625 | N123: 20.7 | O123: =IF(N123="","",RANK(N123,$N$5:$N$430)) -> 307 | P123: =IF(AND(N(H123)>=N(K123),N(H123)>=N(N123)),"The Pulse",IF(N(K123)>=N(N123),"The Lens","The Hub")) -> The Pulse | Q123: Medium | R123: Yes | S123: vendor_a
A124: Creator 1255 | B124: CR01255 | C124: @creator1255_instagram | D124: US | E124: 93860 | F124: micro | G124: 0.86155977 | H124: 73.2 | I124: =IF(H124="","",RANK(H124,$H$5:$H$430)) -> 120 | J124: -0.12272175 | K124: 1 | L124: =IF(K124="","",RANK(K124,$K$5:$K$430)) -> 423 | M124: 0.084263481 | N124: 28.4 | O124: =IF(N124="","",RANK(N124,$N$5:$N$430)) -> 278 | P124: =IF(AND(N(H124)>=N(K124),N(H124)>=N(N124)),"The Pulse",IF(N(K124)>=N(N124),"The Lens","The Hub")) -> The Pulse | Q124: High | R124: Yes | S124: vendor_b
...

Sheet TikTok
A1: TikTok leaderboard — one row per complete TikTok channel
A2: Ranks every requested channel on this platform that is filled, even if the creator's other channels aren't yet. Scores are 0–100 percentiles within the platform (The Lens also within size band).
A4: Creator | B4: Creator ID | C4: Handle | D4: Country | E4: Followers | F4: Size band | G4: 90d Reach Rate | H4: The Pulse score | I4: The Pulse rank | J4: 90d Growth Rate | K4: The Lens score | L4: The Lens rank | M4: 90d Meaningful Engagement Rate | N4: The Hub score | O4: The Hub rank | P4: Primary role | Q4: Confidence | R4: All requested channels filled | S4: Sources
A5: Creator 769 | B5: CR00769 | C5: @creator769_tiktok | D5: CA | E5: 5020 | F5: nano | G5: 25.621514 | H5: 100 | I5: =IF(H5="","",RANK(H5,$H$5:$H$389)) -> 1 | J5: 0.12304251 | K5: 56.6 | L5: =IF(K5="","",RANK(K5,$K$5:$K$389)) -> 169 | M5: 0.26677316 | N5: 83.9 | O5: =IF(N5="","",RANK(N5,$N$5:$N$389)) -> 62 | P5: =IF(AND(N(H5)>=N(K5),N(H5)>=N(N5)),"The Pulse",IF(N(K5)>=N(N5),"The Lens","The Hub")) -> The Pulse | Q5: Medium | R5: No | S5: vendor_a, vendor_b
A6: Creator 73 | B6: CR00073 | C6: @creator73_tiktok | D6: DE | E6: 410680 | F6: mid | G6: 19.609294 | H6: 99.8 | I6: =IF(H6="","",RANK(H6,$H$5:$H$389)) -> 2 | J6: 0.12923449 | K6: 75.2 | L6: =IF(K6="","",RANK(K6,$K$5:$K$389)) -> 93 | M6: 0.27406342 | N6: 85.2 | O6: =IF(N6="","",RANK(N6,$N$5:$N$389)) -> 56 | P6: =IF(AND(N(H6)>=N(K6),N(H6)>=N(N6)),"The Pulse",IF(N(K6)>=N(N6),"The Lens","The Hub")) -> The Pulse | Q6: High | R6: Yes | S6: vendor_b
A7: Creator 627 | B7: CR00627 | C7: @creator627_tiktok | D7: JP | E7: 201170 | F7: mid | G7: 18.173018 | H7: 99.6 | I7: =IF(H7="","",RANK(H7,$H$5:$H$389)) -> 3 | J7: -0.02107056 | K7: 7.6 | L7: =IF(K7="","",RANK(K7,$K$5:$K$389)) -> 359 | M7: 0.21154255 | N7: 71.5 | O7: =IF(N7="","",RANK(N7,$N$5:$N$389)) -> 111 | P7: =IF(AND(N(H7)>=N(K7),N(H7)>=N(N7)),"The Pulse",IF(N(K7)>=N(N7),"The Lens","The Hub")) -> The Pulse | Q7: High | R7: Yes | S7: vendor_b
A8: Creator 368 | B8: CR00368 | C8: @creator368_tiktok | D8: BR | E8: 37019 | F8: micro | G8: 17.850104 | H8: 99.4 | I8: =IF(H8="","",RANK(H8,$H$5:$H$389)) -> 4 | J8: 0.085442017 | K8: 51.6 | L8: =IF(K8="","",RANK(K8,$K$5:$K$389)) -> 189 | M8: 0.18388751 | N8: 65.3 | O8: =IF(N8="","",RANK(N8,$N$5:$N$389)) -> 138 | P8: =IF(AND(N(H8)>=N(K8),N(H8)>=N(N8)),"The Pulse",IF(N(K8)>=N(N8),"The Lens","The Hub")) -> The Pulse | Q8: Low | R8: No | S8: vendor_b, vendor_c
A9: Creator 125 | B9: CR00125 | C9: @creator125_tiktok | D9: CA | E9: 17460 | F9: micro | G9: 17.807732 | H9: 99.2 | I9: =IF(H9="","",RANK(H9,$H$5:$H$389)) -> 5 | J9: 0.16789298 | K9: 85.1 | L9: =IF(K9="","",RANK(K9,$K$5:$K$389)) -> 55 | M9: 0.030935943 | N9: 6.8 | O9: =IF(N9="","",RANK(N9,$N$5:$N$389)) -> 358 | P9: =IF(AND(N(H9)>=N(K9),N(H9)>=N(N9)),"The Pulse",IF(N(K9)>=N(N9),"The Lens","The Hub")) -> The Pulse | Q9: High | R9: No | S9: vendor_b
A10: Creator 1427 | B10: CR01427 | C10: @creator1427_tiktok | D10: BR | E10: 14650 | F10: micro | G10: 16.955085 | H10: 98.8 | I10: =IF(H10="","",RANK(H10,$H$5:$H$389)) -> 6 | J10: 0.14542611 | K10: 78.9 | L10: =IF(K10="","",RANK(K10,$K$5:$K$389)) -> 78 | M10: 0.32421499 | N10: 92.1 | O10: =IF(N10="","",RANK(N10,$N$5:$N$389)) -> 32 | P10: =IF(AND(N(H10)>=N(K10),N(H10)>=N(N10)),"The Pulse",IF(N(K10)>=N(N10),"The Lens","The Hub")) -> The Pulse | Q10: High | R10: Yes | S10: vendor_b
A11: Creator 522 | B11: CR00522 | C11: @creator522_tiktok | D11: IN | E11: 844210 | F11: mid | G11: 15.987804 | H11: 98.6 | I11: =IF(H11="","",RANK(H11,$H$5:$H$389)) -> 7 | J11: 0.0507443 | K11: 35.7 | L11: =IF(K11="","",RANK(K11,$K$5:$K$389)) -> 253 | M11: 0.056393171 | N11: 13.7 | O11: =IF(N11="","",RANK(N11,$N$5:$N$389)) -> 331 | P11: =IF(AND(N(H11)>=N(K11),N(H11)>=N(N11)),"The Pulse",IF(N(K11)>=N(N11),"The Lens","The Hub")) -> The Pulse | Q11: High | R11: Yes | S11: vendor_b
A12: Creator 889 | B12: CR00889 | C12: @creator889_tiktok | D12: IN | E12: 64513 | F12: micro | G12: 15.765799 | H12: 98.4 | I12: =IF(H12="","",RANK(H12,$H$5:$H$389)) -> 8 | J12: -0.030885247 | K12: 6.9 | L12: =IF(K12="","",RANK(K12,$K$5:$K$389)) -> 361 | M12: 0.44009116 | N12: 98.5 | O12: =IF(N12="","",RANK(N12,$N$5:$N$389)) -> 7 | P12: =IF(AND(N(H12)>=N(K12),N(H12)>=N(N12)),"The Pulse",IF(N(K12)>=N(N12),"The Lens","The Hub")) -> The Hub | Q12: Medium | R12: No | S12: vendor_a
A13: Creator 1204 | B13: CR01204 | C13: @creator1204_tiktok | D13: CA | E13: 57158 | F13: micro | G13: 15.713618 | H13: 98.2 | I13: =IF(H13="","",RANK(H13,$H$5:$H$389)) -> 9 | J13: 0.17623575 | K13: 87.3 | L13: =IF(K13="","",RANK(K13,$K$5:$K$389)) -> 47 | M13: 0.26622174 | N13: 83.7 | O13: =IF(N13="","",RANK(N13,$N$5:$N$389)) -> 63 | P13: =IF(AND(N(H13)>=N(K13),N(H13)>=N(N13)),"The Pulse",IF(N(K13)>=N(N13),"The Lens","The Hub")) -> The Pulse | Q13: Medium | R13: Yes | S13: vendor_a
A14: Creator 860 | B14: CR00860 | C14: @creator860_tiktok | D14: MX | E14: 54360 | F14: micro | G14: 15.626306 | H14: 98 | I14: =IF(H14="","",RANK(H14,$H$5:$H$389)) -> 10 | J14: 0.17129929 | K14: 85.8 | L14: =IF(K14="","",RANK(K14,$K$5:$K$389)) -> 52 | M14: 0.077877575 | N14: 24.5 | O14: =IF(N14="","",RANK(N14,$N$5:$N$389)) -> 292 | P14: =IF(AND(N(H14)>=N(K14),N(H14)>=N(N14)),"The Pulse",IF(N(K14)>=N(N14),"The Lens","The Hub")) -> The Pulse | Q14: High | R14: Yes | S14: vendor_b
A15: Creator 182 | B15: CR00182 | C15: @creator182_tiktok | D15: US | E15: 123830 | F15: mid | G15: 15.601793 | H15: 97.8 | I15: =IF(H15="","",RANK(H15,$H$5:$H$389)) -> 11 | J15: 0.077157272 | K15: 51 | L15: =IF(K15="","",RANK(K15,$K$5:$K$389)) -> 192 | M15: 0.13326301 | N15: 50.6 | O15: =IF(N15="","",RANK(N15,$N$5:$N$389)) -> 190 | P15: =IF(AND(N(H15)>=N(K15),N(H15)>=N(N15)),"The Pulse",IF(N(K15)>=N(N15),"The Lens","The Hub")) -> The Pulse | Q15: High | R15: Yes | S15: vendor_b
A16: Creator 401 | B16: CR00401 | C16: @creator401_tiktok | D16: GB | E16: 119732 | F16: mid | G16: 15.011559 | H16: 97.6 | I16: =IF(H16="","",RANK(H16,$H$5:$H$389)) -> 12 | J16: 0.052154275 | K16: 36.9 | L16: =IF(K16="","",RANK(K16,$K$5:$K$389)) -> 249 | M16: 0.36907804 | N16: 95.6 | O16: =IF(N16="","",RANK(N16,$N$5:$N$389)) -> 19 | P16: =IF(AND(N(H16)>=N(K16),N(H16)>=N(N16)),"The Pulse",IF(N(K16)>=N(N16),"The Lens","The Hub")) -> The Pulse | Q16: Low | R16: Yes | S16: vendor_b, vendor_c
... A213: Creator 303 | B213: CR00303 | C213: https://www.tiktok.com/@creator303_tiktok | D213: CA | E213: 146730 | F213: mid | G213: 2.8383971 | H213: 44.2 | I213: =IF(H213="","",RANK(H213,$H$5:$H$389)) -> 209 | J213: 0.13322521 | K213: 77.1 | L213: =IF(K213="","",RANK(K213,$K$5:$K$389)) -> 85 | M213: 0.13288312 | N213: 50.3 | O213: =IF(N213="","",RANK(N213,$N$5:$N$389)) -> 191 | P213: =IF(AND(N(H213)>=N(K213),N(H213)>=N(N213)),"The Pulse",IF(N(K213)>=N(N213),"The Lens","The Hub")) -> The Lens | Q213: High | R213: No | S213: vendor_b
A214: Creator 1257 | B214: CR01257 | C214: @creator1257_tiktok | E214: 172540 | F214: mid | G214: 2.8321143 | H214: 44 | I214: =IF(H214="","",RANK(H214,$H$5:$H$389)) -> 210 | J214: 0.026473913 | K214: 23.6 | L214: =IF(K214="","",RANK(K214,$K$5:$K$389)) -> 298 | M214: 0.37419313 | N214: 95.8 | O214: =IF(N214="","",RANK(N214,$N$5:$N$389)) -> 18 | P214: =IF(AND(N(H214)>=N(K214),N(H214)>=N(N214)),"The Pulse",IF(N(K214)>=N(N214),"The Lens","The Hub")) -> The Hub | Q214: High | R214: No | S214: vendor_b
A215: Creator 501 | B215: CR00501 | C215: @creator501_tiktok | D215: JP | E215: 124880 | F215: mid | G215: 2.815639 | H215: 43.8 | I215: =IF(H215="","",RANK(H215,$H$5:$H$389)) -> 211 | J215: 0.067898067 | K215: 43.9 | L215: =IF(K215="","",RANK(K215,$K$5:$K$389)) -> 220 | M215: 0.12753711 | N215: 48.3 | O215: =IF(N215="","",RANK(N215,$N$5:$N$389)) -> 199 | P215: =IF(AND(N(H215)>=N(K215),N(H215)>=N(N215)),"The Pulse",IF(N(K215)>=N(N215),"The Lens","The Hub")) -> The Hub | Q215: High | R215: No | S215: vendor_b
A216: Creator 1002 | B216: CR01002 | C216: @creator1002_tiktok | D216: IN | E216: 155440 | F216: mid | G216: 2.8068387 | H216: 43.6 | I216: =IF(H216="","",RANK(H216,$H$5:$H$389)) -> 212 | J216: 0.043501611 | K216: 30.6 | L216: =IF(K216="","",RANK(K216,$K$5:$K$389)) -> 274 | M216: 0.085701514 | N216: 29.6 | O216: =IF(N216="","",RANK(N216,$N$5:$N$389)) -> 275 | P216: =IF(AND(N(H216)>=N(K216),N(H216)>=N(N216)),"The Pulse",IF(N(K216)>=N(N216),"The Lens","The Hub")) -> The Pulse | Q216: High | R216: Yes | S216: vendor_b
A217: Creator 882 | B217: CR00882 | C217: @creator882_tiktok | D217: IN | E217: 109220 | F217: mid | G217: 2.7884179 | H217: 43.4 | I217: =IF(H217="","",RANK(H217,$H$5:$H$389)) -> 213 | J217: 0.11255985 | K217: 68.8 | L217: =IF(K217="","",RANK(K217,$K$5:$K$389)) -> 113 | M217: 0.071321581 | N217: 21.2 | O217: =IF(N217="","",RANK(N217,$N$5:$N$389)) -> 303 | P217: =IF(AND(N(H217)>=N(K217),N(H217)>=N(N217)),"The Pulse",IF(N(K217)>=N(N217),"The Lens","The Hub")) -> The Lens | Q217: High | R217: Yes | S217: vendor_b
A218: Creator 505 | B218: CR00505 | C218: https://www.tiktok.com/@creator505_tiktok | D218: FR | E218: 5810 | F218: nano | G218: 2.7741824 | H218: 43.2 | I218: =IF(H218="","",RANK(H218,$H$5:$H$389)) -> 214 | J218: 0.09742229 | K218: 37.7 | L218: =IF(K218="","",RANK(K218,$K$5:$K$389)) -> 245 | M218: 0.016246954 | N218: 2.2 | O218: =IF(N218="","",RANK(N218,$N$5:$N$389)) -> 376 | P218: =IF(AND(N(H218)>=N(K218),N(H218)>=N(N218)),"The Pulse",IF(N(K218)>=N(N218),"The Lens","The Hub")) -> The Pulse | Q218: Low | R218: No | S218: vendor_b, vendor_c
A219: Creator 358 | B219: CR00358 | C219: @creator358_tiktok | D219: JP | E219: 173470 | F219: mid | G219: 2.7494149 | H219: 42.8 | I219: =IF(H219="","",RANK(H219,$H$5:$H$389)) -> 215 | J219: 0.10624322 | K219: 65 | L219: =IF(K219="","",RANK(K219,$K$5:$K$389)) -> 132 | M219: 0.016442652 | N219: 2.6 | O219: =IF(N219="","",RANK(N219,$N$5:$N$389)) -> 374 | P219: =IF(AND(N(H219)>=N(K219),N(H219)>=N(N219)),"The Pulse",IF(N(K219)>=N(N219),"The Lens","The Hub")) -> The Lens | Q219: High | R219: Yes | S219: vendor_b
A220: Creator 1187 | B220: CR01187 | C220: @creator1187_tiktok | D220: KR | E220: 28430 | F220: micro | G220: 2.7087584 | H220: 42.2 | I220: =IF(H220="","",RANK(H220,$H$5:$H$389)) -> 216 | J220: 0.041773543 | K220: 26.9 | L220: =IF(K220="","",RANK(K220,$K$5:$K$389)) -> 287 | M220: 0.041204888 | N220: 8.8 | O220: =IF(N220="","",RANK(N220,$N$5:$N$389)) -> 352 | P220: =IF(AND(N(H220)>=N(K220),N(H220)>=N(N220)),"The Pulse",IF(N(K220)>=N(N220),"The Lens","The Hub")) -> The Pulse | Q220: High | R220: No | S220: vendor_b
A221: Creator 321 | B221: CR00321 | C221: @creator321_tiktok | D221: JP | E221: 3860 | F221: nano | G221: 2.7059585 | H221: 42 | I221: =IF(H221="","",RANK(H221,$H$5:$H$389)) -> 217 | J221: 0.096253602 | K221: 34 | L221: =IF(K221="","",RANK(K221,$K$5:$K$389)) -> 260 | M221: 0.15608466 | N221: 57.6 | O221: =IF(N221="","",RANK(N221,$N$5:$N$389)) -> 166 | P221: =IF(AND(N(H221)>=N(K221),N(H221)>=N(N221)),"The Pulse",IF(N(K221)>=N(N221),"The Lens","The Hub")) -> The Hub | Q221: Medium | R221: Yes | S221: vendor_a, vendor_b
A222: Creator 158 | B222: CR00158 | C222: https://www.tiktok.com/@creator158_tiktok | D222: CA | E222: 211630 | F222: mid | G222: 2.6824458 | H222: 41.7 | I222: =IF(H222="","",RANK(H222,$H$5:$H$389)) -> 218 | J222: 0.076833053 | K222: 50.3 | L222: =IF(K222="","",RANK(K222,$K$5:$K$389)) -> 194 | M222: 0.22936686 | N222: 76.6 | O222: =IF(N222="","",RANK(N222,$N$5:$N$389)) -> 90 | P222: =IF(AND(N(H222)>=N(K222),N(H222)>=N(N222)),"The Pulse",IF(N(K222)>=N(N222),"The Lens","The Hub")) -> The Hub | Q222: High | R222: No | S222: vendor_b
A223: Creator 351 | B223: CR00351 | C223: @creator351_tiktok | D223: US | E223: 64610 | F223: micro | G223: 2.6771088 | H223: 41.5 | I223: =IF(H223="","",RANK(H223,$H$5:$H$389)) -> 219 | J223: 0.10425568 | K223: 60 | L223: =IF(K223="","",RANK(K223,$K$5:$K$389)) -> 152 | M223: 0.1780706 | N223: 63.8 | O223: =IF(N223="","",RANK(N223,$N$5:$N$389)) -> 144 | P223: =IF(AND(N(H223)>=N(K223),N(H223)>=N(N223)),"The Pulse",IF(N(K223)>=N(N223),"The Lens","The Hub")) -> The Hub | Q223: High | R223: No | S223: vendor_b
A224: Creator 431 | B224: CR00431 | C224: @creator431_tiktok | D224: BR | E224: 36080 | F224: micro | G224: 2.6764967 | H224: 41.3 | I224: =IF(H224="","",RANK(H224,$H$5:$H$389)) -> 220 | J224: 0.13352183 | K224: 74.2 | L224: =IF(K224="","",RANK(K224,$K$5:$K$389)) -> 96 | M224: 0.11547344 | N224: 43 | O224: =IF(N224="","",RANK(N224,$N$5:$N$389)) -> 219 | P224: =IF(AND(N(H224)>=N(K224),N(H224)>=N(N224)),"The Pulse",IF(N(K224)>=N(N224),"The Lens","The Hub")) -> The Lens | Q224: High | R224: Yes | S224: vendor_b
A225: Creator 809 | B225: CR00809 | C225: https://www.tiktok.com/@creator809_tiktok | D225: DE | E225: 20010 | F225: micro | G225: 2.6736632 | H225: 41.1 | I225: =IF(H225="","",RANK(H225,$H$5:$H$389)) -> 221 | J225: 0.068910256 | K225: 40.4 | L225: =IF(K225="","",RANK(K225,$K$5:$K$389)) -> 234 | M225: 0.10707457 | N225: 40.4 | O225: =IF(N225="","",RANK(N225,$N$5:$N$389)) -> 230 | P225: =IF(AND(N(H225)>=N(K225),N(H225)>=N(N225)),"The Pulse",IF(N(K225)>=N(N225),"The Lens","The Hub")) -> The Pulse | Q225: High | R225: Yes | S225: vendor_b
A226: Creator 313 | B226: CR00313 | C226: @creator313_tiktok | D226: KR | E226: 171990 | F226: mid | G226: 2.6191639 | H226: 40.9 | I226: =IF(H226="","",RANK(H226,$H$5:$H$389)) -> 222 | J226: 0.14006364 | K226: 81.5 | L226: =IF(K226="","",RANK(K226,$K$5:$K$389)) -> 68 | M226: 0.27263452 | N226: 85 | O226: =IF(N226="","",RANK(N226,$N$5:$N$389)) -> 57 | P226: =IF(AND(N(H226)>=N(K226),N(H226)>=N(N226)),"The Pulse",IF(N(K226)>=N(N226),"The Lens","The Hub")) -> The Hub | Q226: High | R226: Yes | S226: vendor_b
... A379: Creator 70 | B379: CR00070 | C379: @creator70_tiktok | D379: IN | E379: 11820 | F379: micro | G379: 0.66497462 | H379: 2.8 | I379: =IF(H379="","",RANK(H379,$H$5:$H$389)) -> 375 | J379: 0.10261194 | K379: 59.6 | L379: =IF(K379="","",RANK(K379,$K$5:$K$389)) -> 154 | M379: 0.29511278 | N379: 87.9 | O379: =IF(N379="","",RANK(N379,$N$5:$N$389)) -> 47 | P379: =IF(AND(N(H379)>=N(K379),N(H379)>=N(N379)),"The Pulse",IF(N(K379)>=N(N379),"The Lens","The Hub")) -> The Hub | Q379: High | R379: Yes | S379: vendor_b
A380: Creator 871 | B380: CR00871 | C380: @creator871_tiktok | E380: 178857 | F380: mid | G380: 0.61840465 | H380: 2.4 | I380: =IF(H380="","",RANK(H380,$H$5:$H$389)) -> 376 | J380: 0.1313261 | K380: 75.8 | L380: =IF(K380="","",RANK(K380,$K$5:$K$389)) -> 90 | M380: 0.18307742 | N380: 64.7 | O380: =IF(N380="","",RANK(N380,$N$5:$N$389)) -> 140 | P380: =IF(AND(N(H380)>=N(K380),N(H380)>=N(N380)),"The Pulse",IF(N(K380)>=N(N380),"The Lens","The Hub")) -> The Lens | Q380: Medium | R380: No | S380: vendor_a
A381: Creator 573 | B381: CR00573 | C381: https://www.tiktok.com/@creator573_tiktok | D381: BR | E381: 95130 | F381: micro | G381: 0.58871019 | H381: 2.2 | I381: =IF(H381="","",RANK(H381,$H$5:$H$389)) -> 377 | J381: 0.0080534068 | K381: 15.3 | L381: =IF(K381="","",RANK(K381,$K$5:$K$389)) -> 327 | M381: 0.22268557 | N381: 74.6 | O381: =IF(N381="","",RANK(N381,$N$5:$N$389)) -> 98 | P381: =IF(AND(N(H381)>=N(K381),N(H381)>=N(N381)),"The Pulse",IF(N(K381)>=N(N381),"The Lens","The Hub")) -> The Hub | Q381: High | R381: Yes | S381: vendor_b
A382: Creator 1270 | B382: CR01270 | C382: https://www.tiktok.com/@creator1270_tiktok | D382: FR | E382: 366330 | F382: mid | G382: 0.55879944 | H382: 2 | I382: =IF(H382="","",RANK(H382,$H$5:$H$389)) -> 378 | J382: 0.053126348 | K382: 37.6 | L382: =IF(K382="","",RANK(K382,$K$5:$K$389)) -> 246 | M382: 0.047170935 | N382: 11.3 | O382: =IF(N382="","",RANK(N382,$N$5:$N$389)) -> 342 | P382: =IF(AND(N(H382)>=N(K382),N(H382)>=N(N382)),"The Pulse",IF(N(K382)>=N(N382),"The Lens","The Hub")) -> The Lens | Q382: High | R382: No | S382: vendor_b
A383: Creator 1321 | B383: CR01321 | C383: https://www.tiktok.com/@creator1321_tiktok | D383: FR | E383: 264420 | F383: mid | G383: 0.5144694 | H383: 1.8 | I383: =IF(H383="","",RANK(H383,$H$5:$H$389)) -> 379 | J383: 0.033819447 | K383: 26.1 | L383: =IF(K383="","",RANK(K383,$K$5:$K$389)) -> 288 | M383: 0.12054264 | N383: 45.3 | O383: =IF(N383="","",RANK(N383,$N$5:$N$389)) -> 212 | P383: =IF(AND(N(H383)>=N(K383),N(H383)>=N(N383)),"The Pulse",IF(N(K383)>=N(N383),"The Lens","The Hub")) -> The Hub | Q383: High | R383: Yes | S383: vendor_b
A384: Creator 895 | B384: CR00895 | C384: https://www.tiktok.com/@creator895_tiktok | D384: US | E384: 53350 | F384: micro | G384: 0.51147149 | H384: 1.6 | I384: =IF(H384="","",RANK(H384,$H$5:$H$389)) -> 380 | J384: 0.10684647 | K384: 62.9 | L384: =IF(K384="","",RANK(K384,$K$5:$K$389)) -> 141 | M384: 0.13950276 | N384: 52.3 | O384: =IF(N384="","",RANK(N384,$N$5:$N$389)) -> 184 | P384: =IF(AND(N(H384)>=N(K384),N(H384)>=N(N384)),"The Pulse",IF(N(K384)>=N(N384),"The Lens","The Hub")) -> The Lens | Q384: Medium | R384: No | S384: vendor_a, vendor_b
A385: Creator 317 | B385: CR00317 | C385: @creator317_tiktok | D385: FR | E385: 29170 | F385: micro | G385: 0.47994515 | H385: 1.4 | I385: =IF(H385="","",RANK(H385,$H$5:$H$389)) -> 381 | J385: 0.11762452 | K385: 67.3 | L385: =IF(K385="","",RANK(K385,$K$5:$K$389)) -> 121 | M385: 0.14829659 | N385: 54.5 | O385: =IF(N385="","",RANK(N385,$N$5:$N$389)) -> 179 | P385: =IF(AND(N(H385)>=N(K385),N(H385)>=N(N385)),"The Pulse",IF(N(K385)>=N(N385),"The Lens","The Hub")) -> The Lens | Q385: High | R385: No | S385: vendor_b
A386: Creator 1374 | B386: CR01374 | C386: https://www.tiktok.com/@creator1374_tiktok | D386: KR | E386: 137380 | F386: mid | G386: 0.43148202 | H386: 0.8 | I386: =IF(H386="","",RANK(H386,$H$5:$H$389)) -> 382 | J386: 0.12717427 | K386: 73.9 | L386: =IF(K386="","",RANK(K386,$K$5:$K$389)) -> 97 | M386: 0.13048882 | N386: 49.4 | O386: =IF(N386="","",RANK(N386,$N$5:$N$389)) -> 194 | P386: =IF(AND(N(H386)>=N(K386),N(H386)>=N(N386)),"The Pulse",IF(N(K386)>=N(N386),"The Lens","The Hub")) -> The Lens | Q386: High | R386: Yes | S386: vendor_b
A387: Creator 1436 | B387: CR01436 | C387: @creator1436_tiktok | D387: FR | E387: 99650 | F387: micro | G387: 0.40830908 | H387: 0.6 | I387: =IF(H387="","",RANK(H387,$H$5:$H$389)) -> 383 | J387: 0.1418586 | K387: 77.1 | L387: =IF(K387="","",RANK(K387,$K$5:$K$389)) -> 85 | M387: 0.32296432 | N387: 91.8 | O387: =IF(N387="","",RANK(N387,$N$5:$N$389)) -> 33 | P387: =IF(AND(N(H387)>=N(K387),N(H387)>=N(N387)),"The Pulse",IF(N(K387)>=N(N387),"The Lens","The Hub")) -> The Hub | Q387: High | R387: Yes | S387: vendor_b
A388: Creator 663 | B388: CR00663 | C388: @creator663_tiktok | D388: GB | E388: 20780 | F388: micro | G388: 0.34523346 | H388: 0.4 | I388: =IF(H388="","",RANK(H388,$H$5:$H$389)) -> 384 | J388: 0.09483667 | K388: 54.9 | L388: =IF(K388="","",RANK(K388,$K$5:$K$389)) -> 175 | M388: 0.17132867 | N388: 62 | O388: =IF(N388="","",RANK(N388,$N$5:$N$389)) -> 150 | P388: =IF(AND(N(H388)>=N(K388),N(H388)>=N(N388)),"The Pulse",IF(N(K388)>=N(N388),"The Lens","The Hub")) -> The Hub | Q388: Medium | R388: Yes | S388: vendor_a, vendor_b
A389: Creator 360 | B389: CR00360 | C389: @creator360_tiktok | D389: US | E389: 217990 | F389: mid | G389: 0.27500803 | H389: 0.2 | I389: =IF(H389="","",RANK(H389,$H$5:$H$389)) -> 385 | J389: 0.045515588 | K389: 31.2 | L389: =IF(K389="","",RANK(K389,$K$5:$K$389)) -> 272 | M389: 0.23544034 | N389: 77.7 | O389: =IF(N389="","",RANK(N389,$N$5:$N$389)) -> 87 | P389: =IF(AND(N(H389)>=N(K389),N(H389)>=N(N389)),"The Pulse",IF(N(K389)>=N(N389),"The Lens","The Hub")) -> The Hub | Q389: High | R389: No | S389: vendor_b

Sheet YouTube
A1: YouTube leaderboard — one row per complete YouTube channel
A2: Ranks every requested channel on this platform that is filled, even if the creator's other channels aren't yet. Scores are 0–100 percentiles within the platform (The Lens also within size band).
A4: Creator | B4: Creator ID | C4: Handle | D4: Country | E4: Followers | F4: Size band | G4: 90d Reach Rate | H4: The Pulse score | I4: The Pulse rank | J4: 90d Growth Rate | K4: The Lens score | L4: The Lens rank | M4: 90d Meaningful Engagement Rate | N4: The Hub score | O4: The Hub rank | P4: Primary role | Q4: Confidence | R4: All requested channels filled | S4: Sources
A5: Creator 390 | B5: CR00390 | C5: @creator390_youtube | D5: GB | E5: 48271 | F5: micro | G5: 10.081353 | H5: 100 | I5: =IF(H5="","",RANK(H5,$H$5:$H$525)) -> 1 | J5: 0.11290174 | K5: 59.1 | L5: =IF(K5="","",RANK(K5,$K$5:$K$525)) -> 213 | M5: 0.061196514 | N5: 39.1 | O5: =IF(N5="","",RANK(N5,$N$5:$N$525)) -> 318 | P5: =IF(AND(N(H5)>=N(K5),N(H5)>=N(N5)),"The Pulse",IF(N(K5)>=N(N5),"The Lens","The Hub")) -> The Pulse | Q5: Medium | R5: Yes | S5: vendor_a
A6: Creator 1191 | B6: CR01191 | C6: @creator1191_youtube | D6: CA | E6: 22258 | F6: micro | G6: 9.1193728 | H6: 99.8 | I6: =IF(H6="","",RANK(H6,$H$5:$H$525)) -> 2 | J6: 0.083325221 | K6: 41.9 | L6: =IF(K6="","",RANK(K6,$K$5:$K$525)) -> 304 | M6: 0.24812883 | N6: 92.3 | O6: =IF(N6="","",RANK(N6,$N$5:$N$525)) -> 41 | P6: =IF(AND(N(H6)>=N(K6),N(H6)>=N(N6)),"The Pulse",IF(N(K6)>=N(N6),"The Lens","The Hub")) -> The Pulse | Q6: Medium | R6: No | S6: vendor_a
A7: Creator 361 | B7: CR00361 | C7: @creator361_youtube | D7: GB | E7: 9430 | F7: nano | G7: 7.7407211 | H7: 99.6 | I7: =IF(H7="","",RANK(H7,$H$5:$H$525)) -> 3 | J7: 0.061936937 | K7: 30 | L7: =IF(K7="","",RANK(K7,$K$5:$K$525)) -> 365 | M7: 0.21223529 | N7: 87.5 | O7: =IF(N7="","",RANK(N7,$N$5:$N$525)) -> 67 | P7: =IF(AND(N(H7)>=N(K7),N(H7)>=N(N7)),"The Pulse",IF(N(K7)>=N(N7),"The Lens","The Hub")) -> The Pulse | Q7: High | R7: Yes | S7: vendor_b
A8: Creator 381 | B8: CR00381 | C8: @creator381_youtube | D8: CA | E8: 35228 | F8: micro | G8: 7.3576984 | H8: 99.5 | I8: =IF(H8="","",RANK(H8,$H$5:$H$525)) -> 4 | J8: 0.10101263 | K8: 53.2 | L8: =IF(K8="","",RANK(K8,$K$5:$K$525)) -> 244 | M8: 0.15530203 | N8: 74.9 | O8: =IF(N8="","",RANK(N8,$N$5:$N$525)) -> 130 | P8: =IF(AND(N(H8)>=N(K8),N(H8)>=N(N8)),"The Pulse",IF(N(K8)>=N(N8),"The Lens","The Hub")) -> The Pulse | Q8: Medium | R8: No | S8: vendor_a
A9: Creator 581 | B9: CR00581 | C9: @creator581_youtube | D9: JP | E9: 89220 | F9: micro | G9: 6.8933983 | H9: 99.3 | I9: =IF(H9="","",RANK(H9,$H$5:$H$525)) -> 5 | J9: 0.046078087 | K9: 26.3 | L9: =IF(K9="","",RANK(K9,$K$5:$K$525)) -> 385 | M9: 0.12727475 | N9: 67.4 | O9: =IF(N9="","",RANK(N9,$N$5:$N$525)) -> 168 | P9: =IF(AND(N(H9)>=N(K9),N(H9)>=N(N9)),"The Pulse",IF(N(K9)>=N(N9),"The Lens","The Hub")) -> The Pulse | Q9: High | R9: Yes | S9: vendor_b
A10: Creator 328 | B10: CR00328 | C10: @creator328_youtube | D10: CA | E10: 72696 | F10: micro | G10: 6.8054776 | H10: 99.1 | I10: =IF(H10="","",RANK(H10,$H$5:$H$525)) -> 6 | J10: 0.25383328 | K10: 98.7 | L10: =IF(K10="","",RANK(K10,$K$5:$K$525)) -> 11 | M10: 0.1342404 | N10: 69.4 | O10: =IF(N10="","",RANK(N10,$N$5:$N$525)) -> 159 | P10: =IF(AND(N(H10)>=N(K10),N(H10)>=N(N10)),"The Pulse",IF(N(K10)>=N(N10),"The Lens","The Hub")) -> The Pulse | Q10: Medium | R10: Yes | S10: vendor_a
A11: Creator 779 | B11: CR00779 | C11: @creator779_youtube | D11: JP | E11: 29100 | F11: micro | G11: 6.6703436 | H11: 98.9 | I11: =IF(H11="","",RANK(H11,$H$5:$H$525)) -> 7 | J11: 0.1089939 | K11: 57.1 | L11: =IF(K11="","",RANK(K11,$K$5:$K$525)) -> 223 | M11: 0.24902191 | N11: 92.5 | O11: =IF(N11="","",RANK(N11,$N$5:$N$525)) -> 40 | P11: =IF(AND(N(H11)>=N(K11),N(H11)>=N(N11)),"The Pulse",IF(N(K11)>=N(N11),"The Lens","The Hub")) -> The Pulse | Q11: High | R11: Yes | S11: vendor_b
A12: Creator 1091 | B12: CR01091 | C12: @creator1091_youtube | D12: GB | E12: 36469 | F12: micro | G12: 6.2218048 | H12: 98.8 | I12: =IF(H12="","",RANK(H12,$H$5:$H$525)) -> 8 | J12: 0.055023577 | K12: 30.8 | L12: =IF(K12="","",RANK(K12,$K$5:$K$525)) -> 361 | M12: 0.083810444 | N12: 51.4 | O12: =IF(N12="","",RANK(N12,$N$5:$N$525)) -> 252 | P12: =IF(AND(N(H12)>=N(K12),N(H12)>=N(N12)),"The Pulse",IF(N(K12)>=N(N12),"The Lens","The Hub")) -> The Pulse | Q12: Medium | R12: No | S12: vendor_a
A13: Creator 85 | B13: CR00085 | C13: @creator85_youtube | D13: FR | E13: 6232 | F13: nano | G13: 6.1168164 | H13: 98.6 | I13: =IF(H13="","",RANK(H13,$H$5:$H$525)) -> 9 | J13: 0.10732054 | K13: 48.8 | L13: =IF(K13="","",RANK(K13,$K$5:$K$525)) -> 268 | M13: 0.082543978 | N13: 50.4 | O13: =IF(N13="","",RANK(N13,$N$5:$N$525)) -> 258 | P13: =IF(AND(N(H13)>=N(K13),N(H13)>=N(N13)),"The Pulse",IF(N(K13)>=N(N13),"The Lens","The Hub")) -> The Pulse | Q13: Medium | R13: Yes | S13: vendor_a
A14: Creator 593 | B14: CR00593 | C14: @creator593_youtube | D14: KR | E14: 7730 | F14: nano | G14: 5.9031048 | H14: 98.4 | I14: =IF(H14="","",RANK(H14,$H$5:$H$525)) -> 10 | J14: 0.28192371 | K14: 98.8 | L14: =IF(K14="","",RANK(K14,$K$5:$K$525)) -> 9 | M14: 0.080383923 | N14: 49.1 | O14: =IF(N14="","",RANK(N14,$N$5:$N$525)) -> 264 | P14: =IF(AND(N(H14)>=N(K14),N(H14)>=N(N14)),"The Pulse",IF(N(K14)>=N(N14),"The Lens","The Hub")) -> The Lens | Q14: High | R14: No | S14: vendor_b
A15: Creator 1463 | B15: CR01463 | C15: @creator1463_youtube | D15: GB | E15: 19152 | F15: micro | G15: 5.6913116 | H15: 98.2 | I15: =IF(H15="","",RANK(H15,$H$5:$H$525)) -> 11 | J15: 0.076257376 | K15: 38.6 | L15: =IF(K15="","",RANK(K15,$K$5:$K$525)) -> 320 | M15: 0.061232766 | N15: 39.2 | O15: =IF(N15="","",RANK(N15,$N$5:$N$525)) -> 317 | P15: =IF(AND(N(H15)>=N(K15),N(H15)>=N(N15)),"The Pulse",IF(N(K15)>=N(N15),"The Lens","The Hub")) -> The Pulse | Q15: Medium | R15: No | S15: vendor_a
A16: Creator 662 | B16: CR00662 | C16: @creator662_youtube | D16: IN | E16: 101840 | F16: mid | G16: 5.3294285 | H16: 98.1 | I16: =IF(H16="","",RANK(H16,$H$5:$H$525)) -> 12 | J16: 0.21570968 | K16: 96.3 | L16: =IF(K16="","",RANK(K16,$K$5:$K$525)) -> 23 | M16: 0.074201002 | N16: 46.2 | O16: =IF(N16="","",RANK(N16,$N$5:$N$525)) -> 280 | P16: =IF(AND(N(H16)>=N(K16),N(H16)>=N(N16)),"The Pulse",IF(N(K16)>=N(N16),"The Lens","The Hub")) -> The Pulse | Q16: High | R16: Yes | S16: vendor_b
... A31: Creator 1373 | B31: CR01373 | C31: @creator1373_youtube | D31: BR | E31: 45026 | F31: micro | G31: 4.0624084 | H31: 95.2 | I31: =IF(H31="","",RANK(H31,$H$5:$H$525)) -> 27 | J31: 0.082329752 | K31: 41.2 | L31: =IF(K31="","",RANK(K31,$K$5:$K$525)) -> 307 | M31: 0.063473054 | N31: 40.5 | O31: =IF(N31="","",RANK(N31,$N$5:$N$525)) -> 310 | P31: =IF(AND(N(H31)>=N(K31),N(H31)>=N(N31)),"The Pulse",IF(N(K31)>=N(N31),"The Lens","The Hub")) -> The Pulse | Q31: Medium | R31: Yes | S31: vendor_a
A32: creator 318 | B32: CR00318 | C32: @creator318_youtube | E32: 14791 | F32: micro | G32: 4.0595632 | H32: 95.1 | I32: =IF(H32="","",RANK(H32,$H$5:$H$525)) -> 28 | J32: 0.26203072 | K32: 99 | L32: =IF(K32="","",RANK(K32,$K$5:$K$525)) -> 8 | M32: 0.1087348 | N32: 62 | O32: =IF(N32="","",RANK(N32,$N$5:$N$525)) -> 198 | P32: =IF(AND(N(H32)>=N(K32),N(H32)>=N(N32)),"The Pulse",IF(N(K32)>=N(N32),"The Lens","The Hub")) -> The Lens | Q32: Low | R32: No | S32: vendor_c
A33: Creator 158 | B33: CR00158 | C33: @creator158_youtube | D33: CA | E33: 35702 | F33: micro | G33: 4.031875 | H33: 94.9 | I33: =IF(H33="","",RANK(H33,$H$5:$H$525)) -> 29 | J33: 0.079849979 | K33: 40.6 | L33: =IF(K33="","",RANK(K33,$K$5:$K$525)) -> 311 | M33: 0.019643003 | N33: 13.1 | O33: =IF(N33="","",RANK(N33,$N$5:$N$525)) -> 454 | P33: =IF(AND(N(H33)>=N(K33),N(H33)>=N(N33)),"The Pulse",IF(N(K33)>=N(N33),"The Lens","The Hub")) -> The Pulse | Q33: Medium | R33: No | S33: vendor_a
A34: Creator 1402 | B34: CR01402 | C34: https://youtube.com/@creator1402_youtube | D34: GB | E34: 39670 | F34: micro | G34: 4.0279808 | H34: 94.7 | I34: =IF(H34="","",RANK(H34,$H$5:$H$525)) -> 30 | J34: 0.086254107 | K34: 44.8 | L34: =IF(K34="","",RANK(K34,$K$5:$K$525)) -> 288 | M34: 0.12054329 | N34: 65.9 | O34: =IF(N34="","",RANK(N34,$N$5:$N$525)) -> 176 | P34: =IF(AND(N(H34)>=N(K34),N(H34)>=N(N34)),"The Pulse",IF(N(K34)>=N(N34),"The Lens","The Hub")) -> The Pulse | Q34: High | R34: No | S34: vendor_b
A35: Creator 752 | B35: CR00752 | C35: @creator752_youtube | D35: MX | E35: 19106 | F35: micro | G35: 4.0275306 | H35: 94.5 | I35: =IF(H35="","",RANK(H35,$H$5:$H$525)) -> 31 | J35: 0.11966714 | K35: 62.3 | L35: =IF(K35="","",RANK(K35,$K$5:$K$525)) -> 196 | M35: 0.019286403 | N35: 12.7 | O35: =IF(N35="","",RANK(N35,$N$5:$N$525)) -> 456 | P35: =IF(AND(N(H35)>=N(K35),N(H35)>=N(N35)),"The Pulse",IF(N(K35)>=N(N35),"The Lens","The Hub")) -> The Pulse | Q35: Medium | R35: No | S35: vendor_a
A36: Creator 1274 | B36: CR01274 | C36: @creator1274_youtube | D36: MX | E36: 5730 | F36: nano | G36: 3.9858639 | H36: 94.2 | I36: =IF(H36="","",RANK(H36,$H$5:$H$525)) -> 32 | J36: 0.064090656 | K36: 33.8 | L36: =IF(K36="","",RANK(K36,$K$5:$K$525)) -> 346 | M36: 0.007800312 | N36: 5.7 | O36: =IF(N36="","",RANK(N36,$N$5:$N$525)) -> 492 | P36: =IF(AND(N(H36)>=N(K36),N(H36)>=N(N36)),"The Pulse",IF(N(K36)>=N(N36),"The Lens","The Hub")) -> The Pulse | Q36: Medium | R36: Yes | S36: vendor_a, vendor_b
A37: Creator 483 | B37: CR00483 | C37: @creator483_youtube | D37: IN | E37: 72746 | F37: micro | G37: 3.9053006 | H37: 94 | I37: =IF(H37="","",RANK(H37,$H$5:$H$525)) -> 33 | J37: -0.038082141 | K37: 3.9 | L37: =IF(K37="","",RANK(K37,$K$5:$K$525)) -> 502 | M37: 0.12802382 | N37: 67.7 | O37: =IF(N37="","",RANK(N37,$N$5:$N$525)) -> 166 | P37: =IF(AND(N(H37)>=N(K37),N(H37)>=N(N37)),"The Pulse",IF(N(K37)>=N(N37),"The Lens","The Hub")) -> The Pulse | Q37: Medium | R37: No | S37: vendor_a
A38: Creator 444 | B38: CR00444 | C38: @creator444_youtube | D38: MX | E38: 44382 | F38: micro | G38: 3.8556622 | H38: 93.8 | I38: =IF(H38="","",RANK(H38,$H$5:$H$525)) -> 34 | J38: 0.002280888 | K38: 10.4 | L38: =IF(K38="","",RANK(K38,$K$5:$K$525)) -> 468 | M38: 0 | N38: 0.9 | O38: =IF(N38="","",RANK(N38,$N$5:$N$525)) -> 514 | P38: =IF(AND(N(H38)>=N(K38),N(H38)>=N(N38)),"The Pulse",IF(N(K38)>=N(N38),"The Lens","The Hub")) -> The Pulse | Q38: Medium | R38: No | S38: vendor_a
A39: Creator 1194 | B39: CR01194 | C39: @creator1194_youtube | D39: IN | E39: 2980 | F39: nano | G39: 3.790604 | H39: 93.7 | I39: =IF(H39="","",RANK(H39,$H$5:$H$525)) -> 35 | J39: 0.16693038 | K39: 77.5 | L39: =IF(K39="","",RANK(K39,$K$5:$K$525)) -> 120 | M39: 0.057391304 | N39: 35.7 | O39: =IF(N39="","",RANK(N39,$N$5:$N$525)) -> 335 | P39: =IF(AND(N(H39)>=N(K39),N(H39)>=N(N39)),"The Pulse",IF(N(K39)>=N(N39),"The Lens","The Hub")) -> The Pulse | Q39: Medium | R39: No | S39: vendor_a, vendor_b
A40: Creator 1255 | B40: CR01255 | C40: https://youtube.com/@creator1255_youtube | D40: US | E40: 4824440 | F40: macro | G40: 3.622134 | H40: 93.5 | I40: =IF(H40="","",RANK(H40,$H$5:$H$525)) -> 36 | J40: 0.10391254 | K40: 50 | L40: =IF(K40="","",RANK(K40,$K$5:$K$525)) -> 260 | M40: 0.050640646 | N40: 33.2 | O40: =IF(N40="","",RANK(N40,$N$5:$N$525)) -> 349 | P40: =IF(AND(N(H40)>=N(K40),N(H40)>=N(N40)),"The Pulse",IF(N(K40)>=N(N40),"The Lens","The Hub")) -> The Pulse | Q40: High | R40: Yes | S40: vendor_b
A41: Creator 322 | B41: CR00322 | C41: @creator322_youtube | D41: KR | E41: 196244 | F41: mid | G41: 3.6093435 | H41: 93.3 | I41: =IF(H41="","",RANK(H41,$H$5:$H$525)) -> 37 | J41: 0.092550941 | K41: 54 | L41: =IF(K41="","",RANK(K41,$K$5:$K$525)) -> 240 | M41: 0.097934575 | N41: 57.9 | O41: =IF(N41="","",RANK(N41,$N$5:$N$525)) -> 220 | P41: =IF(AND(N(H41)>=N(K41),N(H41)>=N(N41)),"The Pulse",IF(N(K41)>=N(N41),"The Lens","The Hub")) -> The Pulse | Q41: Medium | R41: No | S41: vendor_a
A42: Creator 1322 | B42: CR01322 | C42: @creator1322_youtube | D42: CA | E42: 6950 | F42: nano | G42: 3.5897842 | H42: 93.1 | I42: =IF(H42="","",RANK(H42,$H$5:$H$525)) -> 38 | J42: 0.16220736 | K42: 75 | L42: =IF(K42="","",RANK(K42,$K$5:$K$525)) -> 132 | M42: 0.14279852 | N42: 72 | O42: =IF(N42="","",RANK(N42,$N$5:$N$525)) -> 145 | P42: =IF(AND(N(H42)>=N(K42),N(H42)>=N(N42)),"The Pulse",IF(N(K42)>=N(N42),"The Lens","The Hub")) -> The Pulse | Q42: High | R42: Yes | S42: vendor_b
A43: Creator 1121 | B43: CR01121 | C43: @creator1121_youtube | D43: DE | E43: 15198 | F43: micro | G43: 3.5644822 | H43: 92.9 | I43: =IF(H43="","",RANK(H43,$H$5:$H$525)) -> 39 | J43: 0.17768307 | K43: 86.7 | L43: =IF(K43="","",RANK(K43,$K$5:$K$525)) -> 72 | M43: 0.090071878 | N43: 54.1 | O43: =IF(N43="","",RANK(N43,$N$5:$N$525)) -> 239 | P43: =IF(AND(N(H43)>=N(K43),N(H43)>=N(N43)),"The Pulse",IF(N(K43)>=N(N43),"The Lens","The Hub")) -> The Pulse | Q43: Medium | R43: No | S43: vendor_a
A44: Creator 20 | B44: CR00020 | C44: @creator20_youtube | D44: FR | E44: 5060 | F44: nano | G44: 3.5167984 | H44: 92.8 | I44: =IF(H44="","",RANK(H44,$H$5:$H$525)) -> 40 | J44: 0.04588673 | K44: 25 | L44: =IF(K44="","",RANK(K44,$K$5:$K$525)) -> 391 | M44: 0.0090909091 | N44: 6.3 | O44: =IF(N44="","",RANK(N44,$N$5:$N$525)) -> 489 | P44: =IF(AND(N(H44)>=N(K44),N(H44)>=N(N44)),"The Pulse",IF(N(K44)>=N(N44),"The Lens","The Hub")) -> The Pulse | Q44: Low | R44: Yes | S44: vendor_a, vendor_c
... A525: Creator 927 | B525: CR00927 | C525: https://youtube.com/@creator927_youtube | D525: US | E525: 9980 | F525: nano | G525: 0.18116449 | H525: 0.2 | I525: =IF(H525="","",RANK(H525,$H$5:$H$525)) -> 521 | J525: 0.051633298 | K525: 28.7 | L525: =IF(K525="","",RANK(K525,$K$5:$K$525)) -> 372 | M525: 0.16513761 | N525: 77.6 | O525: =IF(N525="","",RANK(N525,$N$5:$N$525)) -> 117 | P525: =IF(AND(N(H525)>=N(K525),N(H525)>=N(N525)),"The Pulse",IF(N(K525)>=N(N525),"The Lens","The Hub")) -> The Hub | Q525: Medium | R525: No | S525: vendor_a, vendor_b

Sheet Channels
A1: Channel metrics (one row per requested creator + channel)
A2: Value colour = tier that supplied it. Each metric is computed from a single vendor record. Percentile = rank among requested channels in the peer group shown.
A4: Creator ID | B4: Channel | C4: Handle | D4: Followers | E4: Size band | F4: 90d Reach Rate | G4: The Pulse percentile | H4: 90d Growth Rate | I4: The Lens percentile | J4: The Lens peer group | K4: 90d Meaningful Engagement Rate | L4: The Hub percentile | M4: Complete | N4: follower_count source | O4: reach_rate source | P4: growth_rate source | Q4: meaningful_eng_rate source
A5: CR00000 | B5: instagram | C5: @creator0_instagram | D5: 88250 | E5: micro | F5: 0.20035127 | G5: 8.5 | H5: 0.11793767 | I5: 61.9 | J5: instagram · micro | K5: 0.020452099 | L5: 6.1 | M5: Yes | N5: vendor_b | O5: vendor_b | P5: vendor_b | Q5: vendor_b
A6: CR00000 | B6: tiktok | C6: @creator0_tiktok | D6: 51160 | E6: micro | F6: 1.4754105 | G6: 15.9 | H6: 0.084127993 | I6: 50.2 | J6: tiktok · micro | K6: 0.19966555 | L6: 69.5 | M6: Yes | N6: vendor_b | O6: vendor_b | P6: vendor_b | Q6: vendor_b
A7: CR00000 | B7: youtube | M7: No
A8: CR00003 | B8: instagram | C8: @creator3_instagram | D8: 30670 | E8: micro | F8: 0.57851321 | G8: 52.2 | H8: 0.2268 | I8: 96.2 | J8: instagram · micro | K8: n/a – likes hidden | M8: Yes | N8: vendor_b | O8: vendor_b | P8: vendor_b | Q8: n/a (likes hidden, vendor_b)
A9: CR00003 | B9: tiktok | M9: No
A10: CR00003 | B10: youtube | C10: @creator3_youtube | D10: 72750 | E10: micro | F10: 3.469677 | G10: 92.4 | H10: 0.013513514 | I10: 14 | J10: youtube · micro | K10: 0.020083516 | L10: 13.6 | M10: Yes | N10: vendor_b | O10: vendor_b | P10: vendor_b | Q10: vendor_b
A11: CR00004 | B11: instagram | C11: https://www.instagram.com/creator4_instagram/ | D11: 30830 | E11: micro | F11: 0.57998703 | G11: 52.4 | H11: 0.059814369 | I11: 32 | J11: instagram · micro | M11: No | N11: vendor_b | O11: vendor_b | P11: vendor_b
A12: CR00004 | B12: tiktok | C12: @creator4_tiktok | D12: 260580 | E12: mid | F12: 3.714744 | G12: 59.5 | H12: 0.053285932 | I12: 38.2 | J12: tiktok · mid | K12: 0.46857434 | L12: 98.9 | M12: Yes | N12: vendor_b | O12: vendor_b | P12: vendor_a | Q12: vendor_b
A13: CR00004 | B13: youtube | C13: @creator4_youtube | D13: 3745 | E13: nano | F13: 0.45607477 | G13: 10.4 | H13: 0.15159902 | I13: 70 | J13: youtube · nano | K13: 0.13580247 | L13: 69.9 | M13: Yes | N13: vendor_a | O13: vendor_a | P13: vendor_a | Q13: vendor_a
A14: CR00005 | B14: instagram | C14: @creator5_instagram | D14: 38700 | E14: micro | F14: 0.21669251 | G14: 10 | H14: -0.015016544 | I14: 6.9 | J14: instagram · micro | K14: 0.029850746 | L14: 8.2 | M14: Yes | N14: vendor_b | O14: vendor_b | P14: vendor_b | Q14: vendor_a
A15: CR00005 | B15: tiktok | C15: https://www.tiktok.com/@creator5_tiktok | D15: 291450 | E15: mid | F15: 3.291405 | G15: 52.1 | H15: 0.094031532 | I15: 58 | J15: tiktok · mid | K15: 0.28262326 | L15: 86.1 | M15: Yes | N15: vendor_b | O15: vendor_b | P15: vendor_b | Q15: vendor_b
A16: CR00005 | B16: youtube | C16: @creator5_youtube | D16: 16753 | E16: micro | F16: 0.55267713 | G16: 15.9 | H16: 0.12708558 | I16: 66.6 | J16: youtube · micro | K16: 0.12287582 | L16: 66.3 | M16: Yes | N16: vendor_a | O16: vendor_a | P16: vendor_a | Q16: vendor_a
A17: CR00007 | B17: instagram | M17: No
A18: CR00007 | B18: youtube | C18: @creator7_youtube | D18: 5276 | E18: nano | F18: 0.94181198 | G18: 36.2 | H18: 0.11284539 | I18: 51.2 | J18: youtube · nano | K18: 0.072992701 | L18: 45.5 | M18: Yes | N18: vendor_a | O18: vendor_a | P18: vendor_a | Q18: vendor_a
A19: CR00009 | B19: instagram | C19: @creator9_instagram | D19: 110280 | E19: mid | F19: 0.73672019 | G19: 64.3 | H19: 0.032101076 | I19: 22.9 | J19: instagram · mid | K19: 0.099255583 | L19: 35.9 | M19: Yes | N19: vendor_b | O19: vendor_a | P19: vendor_b | Q19: vendor_a
A20: CR00009 | B20: tiktok | D20: 8660 | E20: nano | F20: 6.9054273 | G20: 85.5 | K20: 0.14423963 | L20: 54.1 | M20: No | N20: vendor_b | O20: vendor_b | Q20: vendor_b
A21: CR00009 | B21: youtube | C21: @creator9_youtube | D21: 57911 | E21: micro | F21: 2.2724526 | G21: 80.6 | H21: 0.079019937 | I21: 40.3 | J21: youtube · micro | K21: 0.036299435 | L21: 23.7 | M21: Yes | N21: vendor_a | O21: vendor_a | P21: vendor_a | Q21: vendor_a
A22: CR00011 | B22: tiktok | C22: @creator11_tiktok | D22: 489170 | E22: mid | F22: 3.2155733 | G22: 50.7 | H22: 0.11905437 | I22: 70.1 | J22: tiktok · mid | K22: 0.16876905 | L22: 61.1 | M22: Yes | N22: vendor_a | O22: vendor_a | P22: vendor_a | Q22: vendor_a
A23: CR00012 | B23: instagram | C23: @creator12_instagram | D23: 182210 | E23: mid | F23: 0.60115252 | G23: 53.9 | H23: 0.057331863 | I23: 32.9 | J23: instagram · mid | K23: 0.14914894 | L23: 57.3 | M23: Yes | N23: vendor_b | O23: vendor_b | P23: vendor_b | Q23: vendor_b
A24: CR00012 | B24: tiktok | C24: https://www.tiktok.com/@creator12_tiktok | D24: 79800 | E24: micro | F24: 1.1630075 | G24: 9.2 | H24: -0.05214396 | I24: 3.6 | J24: tiktok · micro | K24: 0.35947447 | L24: 94.9 | M24: Yes | N24: vendor_b | O24: vendor_b | P24: vendor_b | Q24: vendor_b
A25: CR00012 | B25: youtube | C25: https://youtube.com/@creator12_youtube | D25: 6810 | E25: nano | F25: 0.70792952 | G25: 22.6 | H25: 0.23593466 | I25: 95 | J25: youtube · nano | K25: 0.032374101 | L25: 21.7 | M25: Yes | N25: vendor_b | O25: vendor_b | P25: vendor_b | Q25: vendor_a
A26: CR00013 | B26: instagram | C26: https://www.instagram.com/creator13_instagram/ | D26: 182110 | E26: mid | F26: 0.56641041 | G26: 50.7 | H26: 0.12434401 | I26: 70 | J26: instagram · mid | K26: 0.32148086 | L26: 92.3 | M26: Yes | N26: vendor_b | O26: vendor_b | P26: vendor_b | Q26: vendor_b
A27: CR00013 | B27: tiktok | M27: No
A28: CR00020 | B28: youtube | C28: @creator20_youtube | D28: 5060 | E28: nano | F28: 3.5167984 | G28: 92.8 | H28: 0.04588673 | I28: 25 | J28: youtube · nano | K28: 0.0090909091 | L28: 6.3 | M28: Yes | N28: vendor_a | O28: vendor_a | P28: vendor_a | Q28: vendor_c
A29: CR00025 | B29: instagram | M29: No
A30: CR00025 | B30: tiktok | C30: @creator25_tiktok | D30: 29230 | E30: micro | F30: 10.258159 | G30: 94.7 | H30: 0.08540661 | I30: 51.3 | J30: tiktok · micro | K30: 0.0069093611 | L30: 0.9 | M30: Yes | N30: vendor_b | O30: vendor_b | P30: vendor_b | Q30: vendor_b
A31: CR00025 | B31: youtube | C31: @creator25_youtube | K31: 0.10438223 | L31: 60.6 | M31: No | Q31: vendor_a
A32: CR00027 | B32: youtube | C32: @creator27_youtube | D32: 12410 | E32: micro | F32: 1.985979 | G32: 76.4 | H32: 0.049471459 | I32: 27.9 | J32: youtube · micro | K32: 0 | L32: 0.9 | M32: Yes | N32: vendor_a | O32: vendor_a | P32: vendor_a | Q32: vendor_a
A33: CR00029 | B33: instagram | C33: https://www.instagram.com/creator29_instagram/ | D33: 2281430 | E33: macro | F33: 0.61833674 | G33: 56.5 | H33: 0.20798784 | I33: 100 | J33: instagram · macro | K33: 0.083752233 | L33: 28 | M33: Yes | N33: vendor_b | O33: vendor_b | P33: vendor_b | Q33: vendor_b
A34: CR00029 | B34: tiktok | C34: @creator29_tiktok | D34: 98580 | E34: micro | F34: 0.46560154 | G34: 1.2 | H34: -0.021149836 | I34: 8 | J34: tiktok · micro | M34: No | N34: vendor_b | O34: vendor_b | P34: vendor_b
A35: CR00029 | B35: youtube | C35: https://youtube.com/@creator29_youtube | D35: 12990 | E35: micro | F35: 0.5060816 | G35: 13.6 | H35: 0.051821862 | I35: 28.9 | J35: youtube · micro | K35: 0.033898305 | L35: 22.4 | M35: Yes | N35: vendor_b | O35: vendor_b | P35: vendor_b | Q35: vendor_b
A36: CR00030 | B36: instagram | M36: No
A37: CR00030 | B37: tiktok | C37: @creator30_tiktok | D37: 12610 | E37: micro | F37: 1.7083267 | G37: 21.4 | H37: -0.016560607 | I37: 9.5 | J37: tiktok · micro | K37: 0.057835821 | L37: 15 | M37: Yes | N37: vendor_b | O37: vendor_b | P37: vendor_a | Q37: vendor_a
A38: CR00030 | B38: youtube | M38: No
A39: CR00031 | B39: instagram | C39: @creator31_instagram | D39: 9490 | E39: nano | F39: 1.1906217 | G39: 83.6 | K39: 0.29023384 | L39: 89.5 | M39: No | N39: vendor_b | O39: vendor_b | Q39: vendor_b
A40: CR00031 | B40: tiktok | C40: https://www.tiktok.com/@creator31_tiktok | D40: 32640 | E40: micro | F40: 1.7834865 | G40: 23.2 | H40: 0.097880928 | I40: 55.6 | J40: tiktok · micro | K40: 0.43242542 | L40: 98 | M40: Yes | N40: vendor_b | O40: vendor_b | P40: vendor_b | Q40: vendor_b
A41: CR00031 | B41: youtube | C41: @creator31_youtube | D41: 21923 | E41: micro | F41: 0.33015554 | G41: 4.6 | H41: 0.0095786323 | I41: 12.7 | J41: youtube · micro | M41: No | N41: vendor_a | O41: vendor_a | P41: vendor_a
A42: CR00032 | B42: instagram | C42: @creator32_instagram | D42: 19167 | E42: micro | F42: 0.74659571 | G42: 65 | H42: 0.10085578 | I42: 53.3 | J42: instagram · micro | K42: 0.10739103 | L42: 38.2 | M42: Yes | N42: vendor_a | O42: vendor_a | P42: vendor_a | Q42: vendor_a
A43: CR00032 | B43: tiktok | C43: @creator32_tiktok | D43: 137760 | E43: mid | F43: 4.1412892 | G43: 65.6 | H43: 0.2112899 | I43: 98.7 | J43: tiktok · mid | K43: 0.38127818 | L43: 96.5 | M43: Yes | N43: vendor_b | O43: vendor_b | P43: vendor_b | Q43: vendor_b
A44: CR00032 | B44: youtube | C44: @creator32_youtube | D44: 2681 | E44: nano | F44: 1.0947408 | G44: 42 | H44: 0.14719726 | I44: 67.5 | J44: youtube · nano | K44: 0.11347518 | L44: 63.3 | M44: Yes | N44: vendor_a | O44: vendor_a | P44: vendor_a | Q44: vendor_a
A45: CR00033 | B45: instagram | C45: @creator33_instagram | D45: 58280 | E45: micro | F45: 0.71161633 | G45: 62.4 | H45: 0.041644325 | I45: 23 | J45: instagram · micro | K45: n/a – likes hidden | M45: Yes | N45: vendor_b | O45: vendor_b | P45: vendor_b | Q45: n/a (likes hidden, vendor_b)
A46: CR00033 | B46: youtube | C46: @creator33_youtube | D46: 8780 | E46: nano | F46: 0.91207289 | G46: 34.7 | H46: 0.068126521 | I46: 36.2 | J46: youtube · nano | K46: 0.06 | L46: 37.5 | M46: Yes | N46: vendor_b | O46: vendor_b | P46: vendor_b | Q46: vendor_b
A47: CR00034 | B47: instagram | C47: @creator34_instagram | D47: 50410 | E47: micro | F47: 1.2897243 | G47: 85.8 | H47: 0.049552363 | I47: 26.8 | J47: instagram · micro | K47: 0.057285181 | L47: 18.6 | M47: Yes | N47: vendor_b | O47: vendor_b | P47: vendor_b | Q47: vendor_b
A48: CR00034 | B48: tiktok | C48: @creator34_tiktok | D48: 19771 | E48: micro | F48: 16.964443 | G48: 99 | H48: 0.085960672 | I48: 52.4 | J48: tiktok · micro | M48: No | N48: vendor_c | O48: vendor_c | P48: vendor_c
A49: CR00034 | B49: youtube | C49: @creator34_youtube | D49: 117820 | E49: mid | F49: 1.3210066 | G49: 52.9 | H49: 0.042101539 | I49: 27.3 | J49: youtube · mid | K49: 0.0083618779 | L49: 5.9 | M49: Yes | N49: vendor_b | O49: vendor_b | P49: vendor_b | Q49: vendor_b
A50: CR00038 | B50: instagram | C50: @creator38_instagram | D50: 32330 | E50: micro | F50: 2.3145994 | G50: 96.8 | H50: 0.22647951 | I50: 95.9 | J50: instagram · micro | K50: 0.1167979 | L50: 43.6 | M50: Yes | N50: vendor_b | O50: vendor_b | P50: vendor_b | Q50: vendor_b
A51: CR00038 | B51: tiktok | C51: @creator38_tiktok | D51: 51530 | E51: micro | F51: 2.3613623 | G51: 34 | H51: 0.031218731 | I51: 22.2 | J51: tiktok · micro | K51: 0.24794661 | L51: 81.5 | M51: Yes | N51: vendor_b | O51: vendor_b | P51: vendor_b | Q51: vendor_b
A52: CR00038 | B52: youtube | C52: @creator38_youtube | D52: 126028 | E52: mid | F52: 2.761918 | G52: 87.5 | H52: 0.052109595 | I52: 32.3 | J52: youtube · mid | K52: 0.031961617 | L52: 21.1 | M52: Yes | N52: vendor_a | O52: vendor_a | P52: vendor_a | Q52: vendor_a
A53: CR00039 | B53: instagram | C53: @creator39_instagram | D53: 230295 | E53: mid | F53: 0.8085499 | G53: 68.4 | H53: 0.077146505 | I53: 44.3 | J53: instagram · mid | K53: n/a – likes hidden | M53: Yes | N53: vendor_c | O53: vendor_c | P53: vendor_c | Q53: n/a (likes hidden, vendor_c)
A54: CR00039 | B54: tiktok | M54: No
A55: CR00040 | B55: instagram | C55: @creator40_instagram | D55: 6348 | E55: nano | F55: 0.51906112 | G55: 44 | H55: 0.10074562 | I55: 50.7 | J55: instagram · nano | K55: 0.034482759 | L55: 10.7 | M55: Yes | N55: vendor_a | O55: vendor_a | P55: vendor_a | Q55: vendor_a
A56: CR00040 | B56: tiktok | M56: No
A57: CR00040 | B57: youtube | C57: @creator40_youtube | D57: 211120 | E57: mid | F57: 0.76465517 | G57: 26.1 | H57: 0.048470401 | I57: 30.4 | J57: youtube · mid | K57: 0.013186245 | L57: 9.1 | M57: Yes | N57: vendor_b | O57: vendor_b | P57: vendor_b | Q57: vendor_b
A58: CR00041 | B58: instagram | C58: @creator41_instagram | D58: 20130 | E58: micro | F58: 1.7767511 | G58: 93.4 | H58: 0.097002725 | I58: 50.2 | J58: instagram · micro | K58: n/a – likes hidden | M58: Yes | N58: vendor_b | O58: vendor_b | P58: vendor_b | Q58: n/a (likes hidden, vendor_b)
A59: CR00041 | B59: youtube | C59: @creator41_youtube | D59: 175579 | E59: mid | F59: 4.7465813 | G59: 97.4 | H59: 0.074995408 | I59: 45.3 | J59: youtube · mid | K59: 0.13259072 | L59: 69 | M59: Yes | N59: vendor_a | O59: vendor_a | P59: vendor_a | Q59: vendor_a
A60: CR00046 | B60: tiktok | C60: @creator46_tiktok | D60: 12010 | E60: micro | F60: 4.4220649 | G60: 69 | H60: 0.10082493 | I60: 57.8 | J60: tiktok · micro | K60: 0.18737388 | L60: 66.2 | M60: Yes | N60: vendor_b | O60: vendor_b | P60: vendor_b | Q60: vendor_b
A61: CR00046 | B61: youtube | C61: @creator46_youtube | D61: 7447 | E61: nano | F61: 1.3955955 | G61: 55.7 | H61: 0.046956277 | I61: 26.2 | J61: youtube · nano | K61: 0.10580205 | L61: 61.1 | M61: Yes | N61: vendor_a | O61: vendor_a | P61: vendor_a | Q61: vendor_a
A62: CR00047 | B62: instagram | C62: @creator47_instagram | D62: 296963 | E62: mid | H62: 0.10519656 | I62: 62.9 | J62: instagram · mid | K62: 0.22660864 | L62: 77.6 | M62: No | N62: vendor_c | O62: EXCLUDED: Q00013 (no consistent source) | P62: vendor_c | Q62: vendor_b
A63: CR00047 | B63: youtube | M63: No
A64: CR00048 | B64: instagram | C64: @creator48_instagram | D64: 694040 | E64: mid | F64: 0.25214685 | G64: 13 | H64: 0.10289374 | I64: 59.3 | J64: instagram · mid | K64: 0.095356884 | L64: 34.5 | M64: Yes | N64: vendor_b | O64: vendor_b | P64: vendor_b | Q64: vendor_b
A65: CR00048 | B65: tiktok | C65: https://www.tiktok.com/@creator48_tiktok | D65: 28401 | E65: micro | F65: 1.4718848 | G65: 15.7 | H65: 0.065064127 | I65: 38.2 | J65: tiktok · micro | K65: 0.24937921 | L65: 81.7 | M65: Yes | N65: vendor_a | O65: vendor_a | P65: vendor_a | Q65: vendor_b
A66: CR00048 | B66: youtube | C66: @creator48_youtube | D66: 42090 | E66: micro | F66: 1.3149442 | G66: 52.6 | H66: 0.093530787 | I66: 48.7 | J66: youtube · micro | K66: 0.28060956 | L66: 95.9 | M66: Yes | N66: vendor_b | O66: vendor_b | P66: vendor_b | Q66: vendor_b
A67: CR00050 | B67: instagram | C67: @creator50_instagram | D67: 17919 | E67: micro | F67: 0.28729282 | G67: 15.9 | H67: 0.17810651 | I67: 86.3 | J67: instagram · micro | M67: No | N67: vendor_c | O67: vendor_c | P67: vendor_c
A68: CR00050 | B68: youtube | M68: No
A69: CR00054 | B69: tiktok | C69: @creator54_tiktok | D69: 9120 | E69: nano | F69: 2.4904605 | G69: 38.1 | H69: 0.13011152 | I69: 58.5 | J69: tiktok · nano | K69: 0.14968153 | L69: 55 | M69: Yes | N69: vendor_b | O69: vendor_b | P69: vendor_b | Q69: vendor_b
A70: CR00056 | B70: instagram | C70: @creator56_instagram | D70: 12800 | E70: micro | F70: 0.20476563 | G70: 9.3 | H70: -0.038317055 | I70: 2.7 | J70: instagram · micro | K70: 0 | L70: 1.3 | M70: Yes | N70: vendor_b | O70: vendor_b | P70: vendor_b | Q70: vendor_b
A71: CR00056 | B71: youtube | C71: @creator56_youtube | D71: 47823 | E71: micro | F71: 1.0666834 | G71: 41.1 | H71: 0.1845586 | I71: 88.6 | J71: youtube · micro | K71: 0.078813166 | L71: 48.6 | M71: Yes | N71: vendor_a | O71: vendor_a | P71: vendor_a | Q71: vendor_a
A72: CR00057 | B72: instagram | C72: @creator57_instagram | D72: 14840 | E72: micro | F72: 0.83827493 | G72: 70.7 | H72: 0.075362319 | I72: 40.5 | J72: instagram · micro | K72: 0.23269962 | L72: 79.5 | M72: Yes | N72: vendor_b | O72: vendor_b | P72: vendor_b | Q72: vendor_b
A73: CR00057 | B73: tiktok | C73: @creator57_tiktok | D73: 2795520 | E73: macro | F73: 1.5241794 | G73: 17.5 | H73: 0.13399779 | I73: 83.3 | J73: tiktok · macro | K73: 0.021695739 | L73: 4.6 | M73: Yes | N73: vendor_b | O73: vendor_b | P73: vendor_b | Q73: vendor_b
A74: CR00057 | B74: youtube | C74: @creator57_youtube | D74: 78610 | E74: micro | F74: 1.0192088 | G74: 39.7 | H74: 0.18050758 | I74: 87.3 | J74: youtube · micro | K74: 0.12474645 | L74: 66.7 | M74: Yes | N74: vendor_b | O74: vendor_b | P74: vendor_b | Q74: vendor_b
A75: CR00060 | B75: instagram | C75: @creator60_instagram | D75: 29470 | E75: micro | F75: 0.8173736 | G75: 69.4 | H75: 0.098397316 | I75: 51.5 | J75: instagram · micro | K75: 0.34808068 | L75: 95.1 | M75: Yes | N75: vendor_b | O75: vendor_b | P75: vendor_b | Q75: vendor_b
A76: CR00060 | B76: tiktok | M76: No
A77: CR00060 | B77: youtube | C77: @creator60_youtube | D77: 18430 | E77: micro | F77: 0.52013022 | G77: 14.3 | H77: 0.098331347 | I77: 51.6 | J77: youtube · micro | K77: 0.093552465 | L77: 55.6 | M77: Yes | N77: vendor_b | O77: vendor_b | P77: vendor_b | Q77: vendor_b
A78: CR00061 | B78: tiktok | C78: @creator61_tiktok | D78: 8560 | E78: nano | F78: 3.8529206 | G78: 61.5 | H78: 0.082174463 | I78: 28.3 | J78: tiktok · nano | M78: No | N78: vendor_b | O78: vendor_b | P78: vendor_b
A79: CR00062 | B79: instagram | C79: @creator62_instagram | D79: 2440 | E79: nano | F79: 0.56311475 | G79: 49.7 | H79: 0.12082958 | I79: 63.4 | J79: instagram · nano | K79: 0.15053763 | L79: 58 | M79: Yes | N79: vendor_b | O79: vendor_b | P79: vendor_a | Q79: vendor_a
A80: CR00062 | B80: tiktok | C80: https://www.tiktok.com/@creator62_tiktok | D80: 36680 | E80: micro | F80: 1.4873228 | G80: 16.7 | H80: 0.19129588 | I80: 91.6 | J80: tiktok · micro | K80: 0.045638572 | L80: 10.6 | M80: Yes | N80: vendor_b | O80: vendor_b | P80: vendor_b | Q80: vendor_a
A81: CR00062 | B81: youtube | C81: @creator62_youtube | D81: 93291 | E81: micro | F81: 1.5270926 | G81: 61.4 | H81: 0.19817367 | I81: 91.6 | J81: youtube · micro | K81: 0 | L81: 0.9 | M81: Yes | N81: vendor_a | O81: vendor_a | P81: vendor_a | Q81: vendor_a
A82: CR00063 | B82: instagram | C82: @creator63_instagram | D82: 10600 | E82: micro | F82: 0.38820755 | G82: 28.2 | K82: 0.044776119 | L82: 13.8 | M82: No | N82: vendor_b | O82: vendor_b | Q82: vendor_b
A83: CR00063 | B83: tiktok | C83: @creator63_tiktok | D83: 79553 | E83: micro | F83: 2.0766407 | G83: 29.1 | H83: 0.11225603 | I83: 65.5 | J83: tiktok · micro | K83: 0.17308897 | L83: 62.3 | M83: Yes | N83: vendor_a | O83: vendor_a | P83: vendor_a | Q83: vendor_a
A84: CR00063 | B84: youtube | C84: @creator63_youtube | D84: 24492 | E84: micro | F84: 0.76551527 | G84: 26.3 | H84: 0.23292223 | I84: 96.8 | J84: youtube · micro | K84: 0.086285714 | L84: 52.5 | M84: Yes | N84: vendor_a | O84: vendor_a | P84: vendor_a | Q84: vendor_a
A85: CR00065 | B85: instagram | C85: https://www.instagram.com/creator65_instagram/ | D85: 89620 | E85: micro | F85: 0.29669717 | G85: 17 | H85: -0.010489124 | I85: 8.2 | J85: instagram · micro | K85: 0.1069397 | L85: 37.3 | M85: Yes | N85: vendor_b | O85: vendor_b | P85: vendor_b | Q85: vendor_b
A86: CR00065 | B86: tiktok | C86: @creator65_tiktok | D86: 26000 | E86: micro | F86: 1.1981538 | G86: 10 | H86: 0.14689016 | I86: 79.6 | J86: tiktok · micro | K86: 0.14791224 | L86: 54.3 | M86: Yes | N86: vendor_b | O86: vendor_b | P86: vendor_b | Q86: vendor_b
A87: CR00065 | B87: youtube | C87: @creator65_youtube | D87: 5849 | E87: nano | F87: 0.7245683 | G87: 23.5 | H87: 0.020589775 | I87: 15 | J87: youtube · nano | K87: 0.20987654 | L87: 86.9 | M87: Yes | N87: vendor_a | O87: vendor_a | P87: vendor_a | Q87: vendor_a
A88: CR00068 | B88: instagram | C88: @creator68_instagram | D88: 104240 | E88: mid | F88: 1.2324252 | G88: 84.7 | H88: 0.011744152 | I88: 15.7 | J88: instagram · mid | K88: 0.16603668 | L88: 64.8 | M88: Yes | N88: vendor_b | O88: vendor_b | P88: vendor_b | Q88: vendor_b
A89: CR00068 | B89: tiktok | C89: @creator68_tiktok | D89: 13880 | E89: micro | F89: 1.1481268 | G89: 8.8 | H89: 0.062787136 | I89: 36.4 | J89: tiktok · micro | M89: No | N89: vendor_b | O89: vendor_b | P89: vendor_b
A90: CR00068 | B90: youtube | C90: @creator68_youtube | D90: 79290 | E90: micro | F90: 2.1717745 | G90: 79 | H90: 0.076286141 | I90: 39 | J90: youtube · micro | M90: No | N90: vendor_b | O90: vendor_b | P90: vendor_b
A91: CR00070 | B91: instagram | C91: @creator70_instagram | D91: 30990 | E91: micro | F91: 1.0045821 | G91: 78.4 | H91: 0.21577089 | I91: 94.8 | J91: instagram · micro | K91: 0.04251269 | L91: 13.1 | M91: Yes | N91: vendor_b | O91: vendor_b | P91: vendor_b | Q91: vendor_b
A92: CR00070 | B92: tiktok | C92: @creator70_tiktok | D92: 11820 | E92: micro | F92: 0.66497462 | G92: 2.8 | H92: 0.10261194 | I92: 59.6 | J92: tiktok · micro | K92: 0.29511278 | L92: 87.9 | M92: Yes | N92: vendor_b | O92: vendor_b | P92: vendor_b | Q92: vendor_b
A93: CR00070 | B93: youtube | C93: @creator70_youtube | D93: 6330 | E93: nano | F93: 1.1296998 | G93: 43.9 | H93: 0.024861441 | I93: 20 | J93: youtube · nano | K93: 0.18518519 | L93: 81.4 | M93: Yes | N93: vendor_b | O93: vendor_b | P93: vendor_a | Q93: vendor_b
A94: CR00072 | B94: instagram | C94: @creator72_instagram | D94: 203770 | E94: mid | F94: 0.52899838 | G94: 45.4 | H94: 0.049279094 | I94: 29.3 | J94: instagram · mid | K94: 0.18650936 | L94: 69.2 | M94: Yes | N94: vendor_b | O94: vendor_b | P94: vendor_b | Q94: vendor_b
A95: CR00072 | B95: tiktok | C95: https://www.tiktok.com/@creator72_tiktok | D95: 1560 | E95: nano | F95: 6.7397436 | G95: 84.5 | K95: 0.13882863 | L95: 52.1 | M95: No | N95: vendor_b | O95: vendor_b | Q95: vendor_b
A96: CR00072 | B96: youtube | M96: No
A97: CR00073 | B97: tiktok | C97: @creator73_tiktok | D97: 410680 | E97: mid | F97: 19.609294 | G97: 99.8 | H97: 0.12923449 | I97: 75.2 | J97: tiktok · mid | K97: 0.27406342 | L97: 85.2 | M97: Yes | N97: vendor_b | O97: vendor_b | P97: vendor_b | Q97: vendor_b
A98: CR00073 | B98: youtube | C98: @creator73_youtube | D98: 21465 | E98: micro | F98: 0.94744934 | G98: 36.3 | H98: 0.11390763 | I98: 59.7 | J98: youtube · micro | K98: 0.027245207 | L98: 18.5 | M98: Yes | N98: vendor_a | O98: vendor_a | P98: vendor_a | Q98: vendor_a
A99: CR00076 | B99: youtube | C99: @creator76_youtube | D99: 33240 | E99: micro | F99: 1.9439832 | G99: 75.3 | H99: -0.030055442 | I99: 4.9 | J99: youtube · micro | K99: 0.1960177 | L99: 84.1 | M99: Yes | N99: vendor_b | O99: vendor_b | P99: vendor_b | Q99: vendor_b
A100: CR00077 | B100: instagram | C100: @creator77_instagram | D100: 22580 | E100: micro | F100: 0.32581931 | G100: 20.4 | H100: 0.078834209 | I100: 41.9 | J100: instagram · micro | K100: 0.093862816 | L100: 33.8 | M100: Yes | N100: vendor_b | O100: vendor_b | P100: vendor_b | Q100: vendor_b
A101: CR00077 | B101: tiktok | C101: @creator77_tiktok | D101: 30080 | E101: micro | F101: 1.4927194 | G101: 16.9 | H101: 0.10791897 | I101: 64 | J101: tiktok · micro | K101: 0.058530511 | L101: 15.5 | M101: Yes | N101: vendor_b | O101: vendor_b | P101: vendor_b | Q101: vendor_b
...

Sheet Creators
A1: Creator details (one row per requested creator)
A2: Cell colour = tier that supplied the value: deep orange T1 · light orange T2 · pale orange T3 · grey still missing
A4: Creator ID | B4: display_name * | C4: country * | D4: contact_email | E4: category | F4: Channels requested | G4: Channels complete | H4: Creator complete | I4: display_name source | J4: country source | K4: contact_email source | L4: category source
A5: CR00000 | B5: Creator 0 | C5: DE | D5: creator0@mail.example | E5: music | F5: instagram, tiktok, youtube | G5: 2/3 | H5: No | I5: vendor_b | J5: vendor_b | K5: vendor_b | L5: vendor_b
A6: CR00003 | B6: Creator 3 | C6: US | D6: creator3@mail.example | E6: beauty | F6: instagram, tiktok, youtube | G6: 2/3 | H6: No | I6: vendor_b | J6: vendor_b | K6: vendor_b | L6: vendor_b
A7: CR00004 | B7: Creator 4 | C7: GB | D7: creator4@mail.example | E7: finance | F7: instagram, tiktok, youtube | G7: 2/3 | H7: No | I7: vendor_b | J7: vendor_b | K7: vendor_b | L7: vendor_b
A8: CR00005 | B8: Creator 5 | C8: MX | D8: creator5@mail.example | E8: fitness | F8: instagram, tiktok, youtube | G8: 3/3 | H8: Yes | I8: vendor_b | J8: vendor_b | K8: vendor_b | L8: vendor_b
A9: CR00007 | B9: Creator 7 | C9: DE | D9: creator7@mail.example | E9: gaming | F9: instagram, youtube | G9: 1/2 | H9: No | I9: vendor_a | J9: vendor_a | K9: vendor_a | L9: vendor_a
A10: CR00009 | B10: Creator 9 | C10: US | D10: creator9@mail.example | E10: beauty | F10: instagram, tiktok, youtube | G10: 2/3 | H10: No | I10: vendor_b | J10: vendor_b | K10: vendor_b | L10: vendor_b
A11: CR00011 | B11: Creator 11 | C11: BR | D11: creator11@mail.example | E11: finance | F11: tiktok | G11: 1/1 | H11: Yes | I11: vendor_b | J11: vendor_b | K11: vendor_a | L11: vendor_a
A12: CR00012 | B12: Creator 12 | C12: US | D12: creator12@mail.example | E12: fitness | F12: instagram, tiktok, youtube | G12: 3/3 | H12: Yes | I12: vendor_b | J12: vendor_b | K12: vendor_b | L12: vendor_b
A13: CR00013 | B13: Creator 13 | C13: GB | D13: creator13@mail.example | E13: travel | F13: instagram, tiktok | G13: 1/2 | H13: No | I13: vendor_b | J13: vendor_b | K13: vendor_b | L13: vendor_b
A14: CR00020 | B14: Creator 20 | C14: FR | D14: creator20@mail.example | E14: beauty | F14: youtube | G14: 1/1 | H14: Yes | I14: vendor_a | J14: vendor_a | K14: vendor_a | L14: vendor_a
A15: CR00025 | B15: Creator 25 | C15: KR | D15: creator25@mail.example | E15: food | F15: instagram, tiktok, youtube | G15: 1/3 | H15: No | I15: vendor_b | J15: vendor_b | K15: vendor_b | L15: vendor_b
... A23: CR00038 | B23: Creator 38 | C23: MX | D23: creator38@mail.example | E23: education | F23: instagram, tiktok, youtube | G23: 3/3 | H23: Yes | I23: vendor_b | J23: vendor_b | K23: vendor_b | L23: vendor_b
A24: CR00039 | B24: creator 39 | C24: GB | D24: creator39@mail.example | F24: instagram, tiktok | G24: 1/2 | H24: No | I24: vendor_c | J24: vendor_c | K24: vendor_c
A25: CR00040 | B25: Creator 40 | C25: KR | D25: creator40@mail.example | E25: fitness | F25: instagram, tiktok, youtube | G25: 2/3 | H25: No | I25: vendor_b | J25: vendor_b | K25: vendor_b | L25: vendor_b
A26: CR00041 | B26: Creator 41 | C26: IN | D26: creator41@mail.example | E26: beauty | F26: instagram, youtube | G26: 2/2 | H26: Yes | I26: vendor_b | J26: vendor_b | K26: vendor_b | L26: vendor_b
A27: CR00046 | B27: Creator 46 | C27: KR | D27: creator46@mail.example | E27: music | F27: tiktok, youtube | G27: 2/2 | H27: Yes | I27: vendor_b | J27: vendor_b | K27: vendor_a | L27: vendor_b
A28: CR00047 | B28: Creator 47 | C28: BR | D28: creator47@mail.example | E28: tech | F28: instagram, youtube | G28: 0/2 | H28: No | I28: vendor_b | J28: vendor_b | K28: vendor_b | L28: vendor_b
A29: CR00048 | B29: Creator 48 | C29: DE | D29: creator48@mail.example | E29: gaming | F29: instagram, tiktok, youtube | G29: 3/3 | H29: Yes | I29: vendor_b | J29: vendor_b | K29: vendor_b | L29: vendor_b
A30: CR00050 | B30: Creator 50 | C30: MX | D30: creator50@mail.example | E30: tech | F30: instagram, youtube | G30: 0/2 | H30: No | I30: vendor_a | J30: vendor_a | K30: vendor_a | L30: vendor_a
A31: CR00054 | B31: Creator 54 | C31: KR | D31: creator54@mail.example | E31: travel | F31: tiktok | G31: 1/1 | H31: Yes | I31: vendor_b | J31: vendor_b | K31: vendor_a | L31: vendor_b
A32: CR00056 | B32: Creator 56 | C32: JP | D32: creator56@mail.example | E32: comedy | F32: instagram, youtube | G32: 2/2 | H32: Yes | I32: vendor_b | J32: vendor_b | K32: vendor_b | L32: vendor_b
A33: CR00057 | B33: Creator 57 | C33: MX | D33: creator57@mail.example | E33: education | F33: instagram, tiktok, youtube | G33: 3/3 | H33: Yes | I33: vendor_b | J33: vendor_b | K33: vendor_b | L33: vendor_b
A34: CR00060 | B34: Creator 60 | C34: JP | D34: creator60@mail.example | E34: gaming | F34: instagram, tiktok, youtube | G34: 2/3 | H34: No | I34: vendor_b | J34: vendor_b | K34: vendor_b | L34: vendor_b
A35: CR00061 | B35: Creator 61 | C35: KR | D35: creator61@mail.example | E35: music | F35: tiktok | G35: 0/1 | H35: No | I35: vendor_b | J35: vendor_b | K35: vendor_b | L35: vendor_b
A36: CR00062 | B36: Creator 62 | C36: JP | D36: creator62@mail.example | E36: gaming | F36: instagram, tiktok, youtube | G36: 3/3 | H36: Yes | I36: vendor_b | J36: vendor_b | K36: vendor_b | L36: vendor_b
... A46: CR00079 | B46: Creator 79 | C46: MX | D46: creator79@mail.example | E46: food | F46: instagram, tiktok | G46: 1/2 | H46: No | I46: vendor_b | J46: vendor_b | K46: vendor_b | L46: vendor_b
A47: CR00081 | B47: Creator 81 | C47: CA | F47: instagram | G47: 0/1 | H47: No | I47: vendor_b | J47: vendor_b
A48: CR00082 | B48: Creator 82 | C48: DE | D48: creator82@mail.example | E48: gaming | F48: instagram, tiktok, youtube | G48: 0/3 | H48: No | I48: vendor_a | J48: vendor_a | K48: vendor_a | L48: vendor_a
A49: CR00083 | B49: Creator 83 | C49: CA | D49: creator83@mail.example | E49: travel | F49: instagram, tiktok, youtube | G49: 1/3 | H49: No | I49: vendor_b | J49: vendor_b | K49: vendor_a | L49: vendor_b
A50: CR00084 | B50: Creator 84 | C50: JP | D50: creator84@mail.example | E50: education | F50: instagram, tiktok, youtube | G50: 2/3 | H50: No | I50: vendor_b | J50: vendor_b | K50: vendor_b | L50: vendor_b
A51: CR00085 | B51: Creator 85 | C51: FR | D51: creator85@mail.example | E51: beauty | F51: youtube | G51: 1/1 | H51: Yes | I51: vendor_b | J51: vendor_b | K51: vendor_a | L51: vendor_b
A52: CR00086 | B52: Creator 86 | C52: US | D52: creator86@mail.example | E52: education | F52: instagram, tiktok, youtube | G52: 3/3 | H52: Yes | I52: vendor_b | J52: vendor_b | K52: vendor_b | L52: vendor_b
A53: CR00087 | B53: Creator 87 | C53: GB | D53: creator87@mail.example | E53: fitness | F53: youtube | G53: 1/1 | H53: Yes | I53: vendor_b | J53: vendor_b | K53: vendor_b | L53: vendor_b
A54: CR00089 | B54: Creator 89 | C54: KR | D54: creator89@mail.example | E54: finance | F54: instagram | G54: 0/1 | H54: No | I54: vendor_b | J54: vendor_b | K54: vendor_b | L54: vendor_b
A55: CR00090 | B55: Creator 90 | C55: DE | D55: creator90@mail.example | E55: travel | F55: instagram, tiktok, youtube | G55: 3/3 | H55: Yes | I55: vendor_b | J55: vendor_b | K55: vendor_b | L55: vendor_b
A56: CR00092 | B56: Creator 92 | C56: DE | D56: creator92@mail.example | E56: tech | F56: tiktok, youtube | G56: 1/2 | H56: No | I56: vendor_b | J56: vendor_b | K56: vendor_b | L56: vendor_b
A57: CR00094 | B57: Creator 94 | C57: JP | D57: creator94@mail.example | E57: fitness | F57: youtube | G57: 1/1 | H57: Yes | I57: vendor_b | J57: vendor_a | K57: vendor_b | L57: vendor_b
A58: CR00096 | B58: Creator 96 | C58: JP | D58: creator96@mail.example | E58: food | F58: instagram, youtube | G58: 2/2 | H58: Yes | I58: vendor_b | J58: vendor_b | K58: vendor_b | L58: vendor_b
A59: CR00097 | B59: Creator 97 | C59: GB | D59: creator97@mail.example | E59: food | F59: instagram, tiktok, youtube | G59: 3/3 | H59: Yes | I59: vendor_b | J59: vendor_b | K59: vendor_a | L59: vendor_b
... A61: CR00100 | B61: Creator 100 | C61: JP | D61: creator100@mail.example | E61: beauty | F61: instagram, tiktok, youtube | G61: 3/3 | H61: Yes | I61: vendor_b | J61: vendor_b | K61: vendor_b | L61: vendor_b
A62: CR00102 | B62: Creator 102 | C62: US | E62: education | F62: instagram, tiktok, youtube | G62: 1/3 | H62: No | I62: vendor_b | J62: vendor_b | L62: vendor_b
A63: CR00103 | B63: Creator 103 | C63: IN | D63: creator103@mail.example | E63: comedy | F63: instagram, tiktok, youtube | G63: 3/3 | H63: Yes | I63: vendor_b | J63: vendor_b | K63: vendor_b | L63: vendor_b
A64: CR00107 | B64: Creator 107 | C64: FR | D64: creator107@mail.example | E64: beauty | F64: tiktok | G64: 1/1 | H64: Yes | I64: vendor_b | J64: vendor_b | K64: vendor_b | L64: vendor_b
A65: CR00108 | B65: Creator 108 | C65: DE | D65: creator108@mail.example | E65: music | F65: instagram, tiktok, youtube | G65: 1/3 | H65: No | I65: vendor_a | J65: vendor_a | K65: vendor_a | L65: vendor_a
A66: CR00110 | B66: Creator 110 | C66: JP | D66: creator110@mail.example | E66: beauty | F66: instagram, tiktok, youtube | G66: 3/3 | H66: Yes | I66: vendor_b | J66: vendor_b | K66: vendor_b | L66: vendor_b
A67: CR00112 | B67: Creator 112 | C67: CA | D67: creator112@mail.example | E67: gaming | F67: tiktok | G67: 1/1 | H67: Yes | I67: vendor_b | J67: vendor_b | K67: vendor_a | L67: vendor_b
A68: CR00116 | B68: Creator 116 | C68: US | D68: creator116@mail.example | E68: tech | F68: instagram | G68: 1/1 | H68: Yes | I68: vendor_b | J68: vendor_b | K68: vendor_b | L68: vendor_b
A69: CR00117 | B69: Creator 117 | C69: BR | D69: creator117@mail.example | E69: music | F69: instagram, tiktok, youtube | G69: 2/3 | H69: No | I69: vendor_b | J69: vendor_b | K69: vendor_b | L69: vendor_b
A70: CR00125 | B70: Creator 125 | C70: CA | D70: creator125@mail.example | E70: comedy | F70: instagram, tiktok, youtube | G70: 2/3 | H70: No | I70: vendor_b | J70: vendor_b | K70: vendor_b | L70: vendor_b
A71: CR00126 | B71: Creator 126 | C71: JP | D71: creator126@mail.example | E71: finance | F71: instagram, youtube | G71: 2/2 | H71: Yes | I71: vendor_b | J71: vendor_b | K71: vendor_b | L71: vendor_b
A72: CR00127 | B72: Creator 127 | C72: FR | D72: creator127@mail.example | E72: finance | F72: tiktok | G72: 0/1 | H72: No | I72: vendor_a | J72: vendor_a | K72: vendor_a | L72: vendor_a
A73: CR00128 | B73: Creator 128 | C73: MX | D73: creator128@mail.example | E73: gaming | F73: instagram, tiktok, youtube | G73: 2/3 | H73: No | I73: vendor_b | J73: vendor_b | K73: vendor_b | L73: vendor_b
A74: CR00130 | B74: Creator 130 | C74: CA | D74: creator130@mail.example | E74: finance | F74: instagram, tiktok, youtube | G74: 2/3 | H74: No | I74: vendor_b | J74: vendor_b | K74: vendor_b | L74: vendor_b
... A82: CR00143 | B82: Creator 143 | C82: BR | D82: creator143@mail.example | E82: fitness | F82: instagram, tiktok, youtube | G82: 2/3 | H82: No | I82: vendor_b | J82: vendor_b | K82: vendor_b | L82: vendor_b
A83: CR00146 | B83: Creator 146 | C83: KR | E83: food | F83: instagram, tiktok | G83: 2/2 | H83: Yes | I83: vendor_b | J83: vendor_b | L83: vendor_b
A84: CR00147 | B84: Creator 147 | C84: CA | D84: creator147@mail.example | E84: comedy | F84: youtube | G84: 1/1 | H84: Yes | I84: vendor_b | J84: vendor_b | K84: vendor_b | L84: vendor_b
A85: CR00148 | B85: Creator 148 | C85: IN | D85: creator148@mail.example | E85: food | F85: instagram, youtube | G85: 1/2 | H85: No | I85: vendor_b | J85: vendor_b | K85: vendor_a | L85: vendor_b
A86: CR00149 | B86: Creator 149 | C86: IN | D86: creator149@mail.example | E86: tech | F86: instagram, tiktok | G86: 2/2 | H86: Yes | I86: vendor_b | J86: vendor_b | K86: vendor_b | L86: vendor_b
A87: CR00150 | B87: Creator 150 | C87: US | D87: creator150@mail.example | E87: tech | F87: instagram | G87: 1/1 | H87: Yes | I87: vendor_b | J87: vendor_b | K87: vendor_b | L87: vendor_b
A88: CR00151 | B88: Creator 151 | C88: CA | D88: creator151@mail.example | E88: finance | F88: instagram, tiktok, youtube | G88: 2/3 | H88: No | I88: vendor_b | J88: vendor_b | K88: vendor_b | L88: vendor_b
A89: CR00152 | B89: Creator 152 | C89: FR | D89: creator152@mail.example | E89: fitness | F89: instagram, tiktok, youtube | G89: 2/3 | H89: No | I89: vendor_b | J89: vendor_b | K89: vendor_b | L89: vendor_b
A90: CR00153 | B90: Creator 153 | C90: MX | D90: creator153@mail.example | E90: fitness | F90: instagram, tiktok, youtube | G90: 2/3 | H90: No | I90: vendor_b | J90: vendor_b | K90: vendor_b | L90: vendor_b
A91: CR00155 | B91: Creator 155 | C91: KR | D91: creator155@mail.example | E91: travel | F91: instagram, tiktok, youtube | G91: 2/3 | H91: No | I91: vendor_b | J91: vendor_b | K91: vendor_b | L91: vendor_b
A92: CR00158 | B92: Creator 158 | C92: CA | D92: creator158@mail.example | E92: travel | F92: instagram, tiktok, youtube | G92: 2/3 | H92: No | I92: vendor_b | J92: vendor_b | K92: vendor_b | L92: vendor_b
A93: CR00160 | B93: Creator 160 | C93: KR | D93: creator160@mail.example | E93: food | F93: instagram, tiktok, youtube | G93: 1/3 | H93: No | I93: vendor_b | J93: vendor_b | K93: vendor_b | L93: vendor_b
A94: CR00161 | B94: Creator 161 | C94: US | D94: creator161@mail.example | E94: travel | F94: instagram, tiktok | G94: 1/2 | H94: No | I94: vendor_b | J94: vendor_b | K94: vendor_b | L94: vendor_b
A95: CR00162 | B95: Creator 162 | C95: JP | D95: creator162@mail.example | E95: food | F95: tiktok | G95: 0/1 | H95: No | I95: vendor_b | J95: vendor_b | K95: vendor_b | L95: vendor_b
A96: CR00165 | B96: Creator 165 | C96: FR | D96: creator165@mail.example | E96: fitness | F96: instagram, youtube | G96: 1/2 | H96: No | I96: vendor_a | J96: vendor_a | K96: vendor_a | L96: vendor_a
A97: CR00169 | B97: Creator 169 | C97: JP | E97: fitness | F97: tiktok | G97: 0/1 | H97: No | I97: vendor_b | J97: vendor_b | L97: vendor_b
A98: CR00172 | B98: Creator 172 | C98: BR | D98: creator172@mail.example | E98: tech | F98: instagram, tiktok, youtube | G98: 2/3 | H98: No | I98: vendor_b | J98: vendor_b | K98: vendor_b | L98: vendor_b
A99: CR00173 | B99: Creator 173 | C99: GB | D99: creator173@mail.example | E99: music | F99: instagram, tiktok, youtube | G99: 2/3 | H99: No | I99: vendor_b | J99: vendor_b | K99: vendor_b | L99: vendor_b
A100: CR00174 | B100: Creator 174 | C100: BR | D100: creator174@mail.example | E100: tech | F100: instagram, tiktok | G100: 1/2 | H100: No | I100: vendor_b | J100: vendor_b | K100: vendor_b | L100: vendor_b
A101: CR00175 | B101: Creator 175 | C101: JP | D101: creator175@mail.example | E101: food | F101: instagram, tiktok, youtube | G101: 2/3 | H101: No | I101: vendor_b | J101: vendor_b | K101: vendor_b | L101: vendor_b
A102: CR00176 | B102: Creator 176 | C102: CA | D102: creator176@mail.example | E102: beauty | F102: instagram | G102: 0/1 | H102: No | I102: vendor_b | J102: vendor_b | K102: vendor_b | L102: vendor_b
A103: CR00177 | B103: Creator 177 | C103: GB | D103: creator177@mail.example | E103: beauty | F103: instagram, tiktok, youtube | G103: 2/3 | H103: No | I103: vendor_b | J103: vendor_b | K103: vendor_b | L103: vendor_b
A104: CR00178 | B104: Creator 178 | C104: DE | D104: creator178@mail.example | E104: tech | F104: instagram | G104: 0/1 | H104: No | I104: vendor_b | J104: vendor_b | K104: vendor_b | L104: vendor_b
A105: CR00179 | B105: Creator 179 | C105: KR | D105: creator179@mail.example | E105: food | F105: instagram, tiktok, youtube | G105: 3/3 | H105: Yes | I105: vendor_b | J105: vendor_b | K105: vendor_b | L105: vendor_b
A106: CR00180 | B106: Creator 180 | C106: US | D106: creator180@mail.example | E106: music | F106: instagram, tiktok, youtube | G106: 3/3 | H106: Yes | I106: vendor_b | J106: vendor_b | K106: vendor_b | L106: vendor_b
A107: CR00181 | B107: Creator 181 | C107: GB | D107: creator181@mail.example | E107: education | F107: instagram, tiktok, youtube | G107: 2/3 | H107: No | I107: vendor_b | J107: vendor_b | K107: vendor_b | L107: vendor_a
A108: CR00182 | B108: Creator 182 | C108: US | E108: gaming | F108: tiktok, youtube | G108: 2/2 | H108: Yes | I108: vendor_b | J108: vendor_b | L108: vendor_b
A109: CR00183 | B109: Creator 183 | C109: KR | D109: creator183@mail.example | E109: gaming | F109: instagram, tiktok, youtube | G109: 2/3 | H109: No | I109: vendor_b | J109: vendor_b | K109: vendor_b | L109: vendor_b
A110: CR00184 | B110: Creator 184 | C110: CA | D110: creator184@mail.example | E110: music | F110: instagram, tiktok, youtube | G110: 3/3 | H110: Yes | I110: vendor_b | J110: vendor_b | K110: vendor_b | L110: vendor_b
A111: CR00185 | B111: Creator 185 | C111: MX | D111: creator185@mail.example | E111: music | F111: tiktok | G111: 0/1 | H111: No | I111: vendor_b | J111: vendor_b | K111: vendor_b | L111: vendor_b
A112: CR00189 | B112: Creator 189 | C112: US | D112: creator189@mail.example | E112: education | F112: instagram, youtube | G112: 2/2 | H112: Yes | I112: vendor_b | J112: vendor_b | K112: vendor_b | L112: vendor_b
A113: CR00190 | B113: Creator 190 | C113: GB | D113: creator190@mail.example | E113: gaming | F113: tiktok | G113: 0/1 | H113: No | I113: vendor_b | J113: vendor_b | K113: vendor_b | L113: vendor_b
A114: CR00192 | B114: Creator 192 | C114: KR | D114: creator192@mail.example | E114: tech | F114: instagram, tiktok, youtube | G114: 1/3 | H114: No | I114: vendor_b | J114: vendor_b | K114: vendor_a | L114: vendor_b
A115: CR00193 | B115: Creator 193 | C115: FR | D115: creator193@mail.example | E115: finance | F115: youtube | G115: 1/1 | H115: Yes | I115: vendor_b | J115: vendor_b | K115: vendor_b | L115: vendor_b
A116: CR00194 | B116: Creator 194 | C116: CA | D116: creator194@mail.example | E116: music | F116: instagram, tiktok, youtube | G116: 3/3 | H116: Yes | I116: vendor_b | J116: vendor_b | K116: vendor_b | L116: vendor_b
A117: CR00197 | B117: Creator 197 | C117: KR | D117: creator197@mail.example | E117: music | F117: instagram, tiktok, youtube | G117: 2/3 | H117: No | I117: vendor_b | J117: vendor_b | K117: vendor_a | L117: vendor_a
A118: CR00198 | B118: Creator 198 | C118: DE | D118: creator198@mail.example | E118: finance | F118: youtube | G118: 1/1 | H118: Yes | I118: vendor_b | J118: vendor_b | K118: vendor_b | L118: vendor_b
A119: CR00199 | B119: Creator 199 | C119: JP | D119: creator199@mail.example | E119: finance | F119: instagram, youtube | G119: 2/2 | H119: Yes | I119: vendor_b | J119: vendor_b | K119: vendor_b | L119: vendor_b
A120: CR00200 | B120: Creator 200 | C120: GB | D120: creator200@mail.example | E120: music | F120: instagram, tiktok, youtube | G120: 0/3 | H120: No | I120: vendor_b | J120: vendor_b | K120: vendor_c | L120: vendor_b
... A123: CR00212 | B123: Creator 212 | C123: JP | D123: creator212@mail.example | E123: food | F123: instagram, tiktok, youtube | G123: 2/3 | H123: No | I123: vendor_b | J123: vendor_b | K123: vendor_b | L123: vendor_b
A124: CR00213 | C124: CA | D124: creator213@mail.example | E124: music | F124: instagram | G124: 0/1 | H124: No | J124: vendor_b | K124: vendor_b | L124: vendor_b
A125: CR00216 | B125: Creator 216 | C125: BR | D125: creator216@mail.example | E125: music | F125: youtube | G125: 1/1 | H125: Yes | I125: vendor_b | J125: vendor_b | K125: vendor_a | L125: vendor_b
A126: CR00217 | B126: Creator 217 | C126: MX | D126: creator217@mail.example | E126: education | F126: instagram | G126: 1/1 | H126: Yes | I126: vendor_b | J126: vendor_b | K126: vendor_b | L126: vendor_b
A127: CR00223 | B127: Creator 223 | C127: IN | D127: creator223@mail.example | E127: fitness | F127: instagram, tiktok, youtube | G127: 1/3 | H127: No | I127: vendor_b | J127: vendor_b | K127: vendor_b | L127: vendor_b
...

Sheet Metric Definitions
A1: The three metrics and how their caveats are handled
A4: Pillar | B4: Theme | C4: Who it finds | D4: Metric | E4: Formula | F4: Compared within | G4: Plausible range | H4: Caveat and how it is handled
A5: The Pulse | B5: Attention | C5: Creators who drive awareness and visibility | D5: 90d Reach Rate | E5: views_90d / follower_count | F5: platform | G5: 0 to 100 | H5: Favours accounts that publish video. Each channel is compared only with others on the same platform (TikTok views run far higher than Instagram), so an IG account is judged against IG.
A6: The Lens | B6: Affiliation | C6: Creators who establish credibility and in-the-know appeal | D6: 90d Growth Rate | E6: net_new_followers_90d / (follower_count - net_new_followers_90d) | F6: platform + size band | G6: -0.9 to 20 | H6: Favours small accounts gaining traction. Compared within platform AND follower-size band (nano 0+, micro 10,000+, mid 100,000+, macro 1,000,000+); bands with fewer than 8 peers fall back to the whole platform.
A7: The Hub | B7: Action | C7: Creators who influence community participation and behavior | D7: 90d Meaningful Engagement Rate | E7: (comments_90d + shares_90d + saves_90d) / (likes_90d + comments_90d + shares_90d + saves_90d) youtube: (comments_90d + shares_90d) / (likes_90d + comments_90d + shares_90d) | F7: platform | G7: 0 to 1 | H7: Hidden likes would inflate the rate, so it is not computed for those accounts: marked n/a, not counted as missing, and the creator's Hub score uses their other channels. YouTube doesn't publish saves, so its formula leaves saves out.
A9: • All inputs are 90-day totals from the vendor record. A metric's inputs always come from the same vendor record; the metric itself is then filled tier by tier.
A10: • Values outside the plausible range are treated as bad vendor data and rejected (counted in Vendor QA → validity).
A11: • Percentiles are relative to this run's requested channels, so scores compare creators within a request, not against an external benchmark.

Sheet Vendor QA
A1: Vendor QA scorecard — measured on requested channels only
A2: This month's score = SUMPRODUCT(weights, metrics). Blended = (1 − weight) × this month + weight × 3-month vendor reliability. Tier uses the blended score. Blue cells are inputs from config.yaml; changing them re-ranks this sheet only. Rerun the pipeline to refill the data.
A4: Weights → | B4: 0.25 | C4: 0.25 | D4: 0.2 | E4: 0.15 | F4: 0.15 | G4: =SUM(B4:F4) -> 1 | H4: ← must be 100%
A5: Quality floor → | B5: 0.4
A6: History weight → | B6: 0.15 | C6: 3-month reliability = 70% × average QA score + 30% × review accuracy over the last 3 months (QA average alone if no disputes were reviewed)
A7: Vendor | B7: Usable coverage | C7: Completeness | D7: Freshness | E7: Validity | F7: Consistency | G7: This month's score | H7: 3-month reliability | I7: Months in window | J7: Blended score | K7: Tier | L7: QA average (3 mo) | M7: Review accuracy (3 mo) | N7: Disputes reviewed (3 mo) | O7: Vendor rows | P7: Rows not needed | Q7: Duplicate rate | R7: Implausible values | S7: Format fixes | T7: The Pulse computable | U7: The Lens computable | V7: The Hub computable
A8: vendor_b | B8: 0.6437 | C8: 0.8918 | D8: 0.8773 | E8: 0.9972 | F8: 0.9753 | G8: =SUMPRODUCT($B$4:$F$4,B8:F8) -> 0.85521 | H8: 0.7646 | I8: 1 | J8: =IF(H8="",G8,(1-$B$6)*G8+$B$6*H8) -> 0.8416185 | K8: =IF(J8<$B$5,"excluded",COUNTIFS($J$8:$J$10,">"&J8,$J$8:$J$10,">="&$B$5)+1) -> 1 | L8: 0.8474 | M8: 0.5714 | N8: 21 | O8: 2507 | P8: 1105 | Q8: 0.01 | R8: 0 | S8: 12269 | T8: 0.878 | U8: 0.8003 | V8: 0.7611
A9: vendor_a | B9: 0.5114 | C9: 0.9634 | D9: 0.9397 | E9: 0.999 | F9: 0.9823 | G9: =SUMPRODUCT($B$4:$F$4,B9:F9) -> 0.853835 | H9: 0.7639 | I9: 1 | J9: =IF(H9="",G9,(1-$B$6)*G9+$B$6*H9) -> 0.84034475 | K9: =IF(J9<$B$5,"excluded",COUNTIFS($J$8:$J$10,">"&J9,$J$8:$J$10,">="&$B$5)+1) -> 2 | L9: 0.8502 | M9: 0.5625 | N9: 16 | O9: 1814 | P9: 786 | Q9: 0 | R9: 0 | S9: 1814 | T9: 0.963 | U9: 0.965 | V9: 0.8998
A10: vendor_c | B10: 0.3224 | C10: 0.7242 | D10: 0.5958 | E10: 0.9893 | F10: 0.9625 | G10: =SUMPRODUCT($B$4:$F$4,B10:F10) -> 0.67358 | H10: 0.555 | I10: 1 | J10: =IF(H10="",G10,(1-$B$6)*G10+$B$6*H10) -> 0.655793 | K10: =IF(J10<$B$5,"excluded",COUNTIFS($J$8:$J$10,">"&J10,$J$8:$J$10,">="&$B$5)+1) -> 3 | L10: 0.661 | M10: 0.3077 | N10: 13 | O10: 1879 | P10: 820 | Q10: 0.0383 | R10: 23 | S10: 3175 | T10: 0.6903 | U10: 0.7186 | V10: 0.2068
A13: Fresh coverage by channel (share of requested channels of that type)
A14: Channel | B14: Requested | C14: vendor_b | D14: vendor_a | E14: vendor_c
A15: instagram | B15: 628 | C15: 0.7643 | D15: 0.4092 | E15: 0.328
A16: tiktok | B16: 636 | C16: 0.7673 | D16: 0.2783 | E16: 0.2877
A17: youtube | B17: 625 | C17: 0.3968 | D17: 0.8512 | E17: 0.352

Sheet Vendor History
A1: Vendor quality by month (the memory behind the history weight)
A2: This month's score per vendor in each month processed so far, and the tier it got. Past months feed the blended score at the history weight on the Vendor QA tab.
A4: Month | B4: vendor_a score | C4: vendor_b score | D4: vendor_c score | E4: vendor_a tier | F4: vendor_b tier | G4: vendor_c tier
A5: 2026-07 | B5: 0.8502 | C5: 0.8474 | D5: 0.661 | E5: 1 | F5: 2 | G5: 3
A6: 2026-08 | B6: 0.8538 | C6: 0.8552 | D6: 0.6736 | E6: 2 | F6: 1 | G6: 3
A8: What the pipeline has learned about each vendor's files
A9: Vendor | B9: Months seen | C9: Platform spellings | D9: File-name words | E9: Column names learned
A10: vendor_a | B10: 2026-07, 2026-08 | C10: Instagram, TikTok, YouTube | D10: creator, vendora | E10: —
A11: vendor_b | B11: 2026-07, 2026-08 | C11: IG, TT, YT | D11: social, vendorb | E11: —
A12: vendor_c | B12: 2026-07, 2026-08 | C12: INSTAGRAM, Instagram, TIKTOK, Tiktok, YOUTUBE, Youtube, instagram, tiktok, youtube | D12: book, vendorc | E12: —

Sheet Creator History
A1: Creator scores by month (requested creators this month)
A2: Channel = that channel's 0–100 score; 'all' = the creator's average over requested channels. Blank = not requested or not filled that month.
A4: Creator ID | B4: Channel | C4: Month | D4: Followers | E4: The Pulse score | F4: The Lens score | G4: The Hub score | H4: Complete
A5: CR00000 | B5: all | C5: 2026-07 | E5: 20.2 | F5: 53 | G5: 0.8 | H5: No
A6: CR00000 | B6: all | C6: 2026-08 | E6: 12.2 | F6: 56 | G6: 37.8 | H6: No
A7: CR00000 | B7: instagram | C7: 2026-07 | D7: 83280 | E7: 19.2 | F7: 41.2 | H7: No
A8: CR00000 | B8: instagram | C8: 2026-08 | D8: 88250 | E8: 8.5 | F8: 61.9 | G8: 6.1 | H8: Yes
A9: CR00000 | B9: tiktok | C9: 2026-07 | D9: 50271 | E9: 41.1 | H9: No
A10: CR00000 | B10: tiktok | C10: 2026-08 | D10: 51160 | E10: 15.9 | F10: 50.2 | G10: 69.5 | H10: Yes
A11: CR00000 | B11: youtube | C11: 2026-07 | D11: 60988 | E11: 0.3 | F11: 64.7 | G11: 0.8 | H11: Yes
A12: CR00000 | B12: youtube | C12: 2026-08 | H12: No
A13: CR00003 | B13: all | C13: 2026-07 | E13: 73.7 | F13: 55.2 | G13: 29.6 | H13: Yes
A14: CR00003 | B14: all | C14: 2026-08 | E14: 72.3 | F14: 55.1 | G14: 13.6 | H14: No
A15: CR00003 | B15: instagram | C15: 2026-07 | D15: 29580 | E15: 64.6 | F15: 86.5 | H15: Yes
A16: CR00003 | B16: instagram | C16: 2026-08 | D16: 30670 | E16: 52.2 | F16: 96.2 | H16: Yes
A17: CR00003 | B17: tiktok | C17: 2026-07 | D17: 19350 | E17: 78.9 | F17: 60.7 | G17: 49.8 | H17: Yes
A18: CR00003 | B18: tiktok | C18: 2026-08 | H18: No
A19: CR00003 | B19: youtube | C19: 2026-07 | D19: 72522 | E19: 77.5 | F19: 18.3 | G19: 9.5 | H19: Yes
A20: CR00003 | B20: youtube | C20: 2026-08 | D20: 72750 | E20: 92.4 | F20: 14 | G20: 13.6 | H20: Yes
A21: CR00004 | B21: all | C21: 2026-07 | E21: 47.9 | F21: 46.6 | G21: 82.4 | H21: No
A22: CR00004 | B22: all | C22: 2026-08 | E22: 40.8 | F22: 46.7 | G22: 84.4 | H22: No
A23: CR00004 | B23: instagram | C23: 2026-07 | D23: 30410 | E23: 55.1 | F23: 51.5 | G23: 68.8 | H23: Yes
A24: CR00004 | B24: instagram | C24: 2026-08 | D24: 30830 | E24: 52.4 | F24: 32 | H24: No
A25: CR00004 | B25: tiktok | C25: 2026-07 | D25: 251220 | E25: 40.7 | F25: 41.7 | G25: 96.1 | H25: Yes
A26: CR00004 | B26: tiktok | C26: 2026-08 | D26: 260580 | E26: 59.5 | F26: 38.2 | G26: 98.9 | H26: Yes
A27: CR00004 | B27: youtube | C27: 2026-07 | H27: No
A28: CR00004 | B28: youtube | C28: 2026-08 | D28: 3745 | E28: 10.4 | F28: 70 | G28: 69.9 | H28: Yes
A29: CR00005 | B29: all | C29: 2026-07 | E29: 34.8 | F29: 66.2 | G29: 45.9 | H29: No
A30: CR00005 | B30: all | C30: 2026-08 | E30: 26 | F30: 43.8 | G30: 53.5 | H30: Yes
A31: CR00005 | B31: instagram | C31: 2026-07 | D31: 38970 | E31: 18.1 | F31: 29.9 | G31: 25.1 | H31: Yes
A32: CR00005 | B32: instagram | C32: 2026-08 | D32: 38700 | E32: 10 | F32: 6.9 | G32: 8.2 | H32: Yes
A33: CR00005 | B33: tiktok | C33: 2026-07 | D33: 290280 | E33: 69.5 | F33: 75 | G33: 89.7 | H33: Yes
A34: CR00005 | B34: tiktok | C34: 2026-08 | D34: 291450 | E34: 52.1 | F34: 58 | G34: 86.1 | H34: Yes
A35: CR00005 | B35: youtube | C35: 2026-07 | D35: 15810 | E35: 16.8 | F35: 93.8 | G35: 22.8 | H35: No
A36: CR00005 | B36: youtube | C36: 2026-08 | D36: 16753 | E36: 15.9 | F36: 66.6 | G36: 66.3 | H36: Yes
A37: CR00007 | B37: all | C37: 2026-07 | E37: 32.7 | F37: 46.7 | G37: 50.8 | H37: No
A38: CR00007 | B38: all | C38: 2026-08 | E38: 36.2 | F38: 51.2 | G38: 45.5 | H38: No
A39: CR00007 | B39: instagram | C39: 2026-07 | H39: No
A40: CR00007 | B40: instagram | C40: 2026-08 | H40: No
A41: CR00007 | B41: youtube | C41: 2026-07 | D41: 5029 | E41: 32.7 | F41: 46.7 | G41: 50.8 | H41: Yes
A42: CR00007 | B42: youtube | C42: 2026-08 | D42: 5276 | E42: 36.2 | F42: 51.2 | G42: 45.5 | H42: Yes
A43: CR00009 | B43: all | C43: 2026-07 | E43: 85.5 | F43: 32.6 | G43: 35.7 | H43: Yes
A44: CR00009 | B44: all | C44: 2026-08 | E44: 76.8 | F44: 31.6 | G44: 37.9 | H44: No
A45: CR00009 | B45: instagram | C45: 2026-07 | D45: 103620 | E45: 91.6 | F45: 52.7 | G45: 48.8 | H45: Yes
A46: CR00009 | B46: instagram | C46: 2026-08 | D46: 110280 | E46: 64.3 | F46: 22.9 | G46: 35.9 | H46: Yes
A47: CR00009 | B47: tiktok | C47: 2026-07 | D47: 8399 | E47: 90.2 | F47: 22.8 | G47: 52.5 | H47: Yes
A48: CR00009 | B48: tiktok | C48: 2026-08 | D48: 8660 | E48: 85.5 | G48: 54.1 | H48: No
A49: CR00009 | B49: youtube | C49: 2026-07 | D49: 54681 | E49: 74.6 | F49: 22.2 | G49: 5.8 | H49: Yes
A50: CR00009 | B50: youtube | C50: 2026-08 | D50: 57911 | E50: 80.6 | F50: 40.3 | G50: 23.7 | H50: Yes
A51: CR00011 | B51: all | C51: 2026-07 | F51: 87.8 | G51: 55.3 | H51: No
A52: CR00011 | B52: all | C52: 2026-08 | E52: 50.7 | F52: 70.1 | G52: 61.1 | H52: Yes
A53: CR00011 | B53: tiktok | C53: 2026-07 | D53: 477680 | F53: 87.8 | G53: 55.3 | H53: No
A54: CR00011 | B54: tiktok | C54: 2026-08 | D54: 489170 | E54: 50.7 | F54: 70.1 | G54: 61.1 | H54: Yes
A55: CR00012 | B55: all | C55: 2026-07 | E55: 25.8 | F55: 40 | G55: 46.1 | H55: Yes
A56: CR00012 | B56: all | C56: 2026-08 | E56: 28.6 | F56: 43.8 | G56: 58 | H56: Yes
A57: CR00012 | B57: instagram | C57: 2026-07 | D57: 181628 | E57: 39.7 | F57: 21.2 | G57: 27.3 | H57: Yes
A58: CR00012 | B58: instagram | C58: 2026-08 | D58: 182210 | E58: 53.9 | F58: 32.9 | G58: 57.3 | H58: Yes
A59: CR00012 | B59: tiktok | C59: 2026-07 | D59: 77767 | E59: 5.9 | F59: 10.9 | G59: 98.6 | H59: Yes
A60: CR00012 | B60: tiktok | C60: 2026-08 | D60: 79800 | E60: 9.2 | F60: 3.6 | G60: 94.9 | H60: Yes
A61: CR00012 | B61: youtube | C61: 2026-07 | D61: 6155 | E61: 31.8 | F61: 87.8 | G61: 12.5 | H61: Yes
A62: CR00012 | B62: youtube | C62: 2026-08 | D62: 6810 | E62: 22.6 | F62: 95 | G62: 21.7 | H62: Yes
A63: CR00013 | B63: all | C63: 2026-07 | E63: 53.8 | F63: 67.2 | G63: 75.1 | H63: No
A64: CR00013 | B64: all | C64: 2026-08 | E64: 50.7 | F64: 70 | G64: 92.3 | H64: No
A65: CR00013 | B65: instagram | C65: 2026-07 | D65: 177465 | E65: 53.8 | F65: 91.8 | G65: 75.1 | H65: Yes
A66: CR00013 | B66: instagram | C66: 2026-08 | D66: 182110 | E66: 50.7 | F66: 70 | G66: 92.3 | H66: Yes
A67: CR00013 | B67: tiktok | C67: 2026-07 | D67: 31620 | F67: 42.7 | H67: No
A68: CR00013 | B68: tiktok | C68: 2026-08 | H68: No
A69: CR00020 | B69: all | C69: 2026-07 | F69: 22.2 | G69: 0.8 | H69: No
A70: CR00020 | B70: all | C70: 2026-08 | E70: 92.8 | F70: 25 | G70: 6.3 | H70: Yes
A71: CR00020 | B71: youtube | C71: 2026-07 | D71: 5168 | F71: 22.2 | G71: 0.8 | H71: No
A72: CR00020 | B72: youtube | C72: 2026-08 | D72: 5060 | E72: 92.8 | F72: 25 | G72: 6.3 | H72: Yes
A73: CR00025 | B73: all | C73: 2026-07 | E73: 48.8 | F73: 27.1 | G73: 7.1 | H73: No
A74: CR00025 | B74: all | C74: 2026-08 | E74: 94.7 | F74: 51.3 | G74: 30.8 | H74: No
A75: CR00025 | B75: instagram | C75: 2026-07 | D75: 44650 | E75: 70.9 | F75: 52.9 | H75: Yes
A76: CR00025 | B76: instagram | C76: 2026-08 | H76: No
A77: CR00025 | B77: tiktok | C77: 2026-07 | H77: No
A78: CR00025 | B78: tiktok | C78: 2026-08 | D78: 29230 | E78: 94.7 | F78: 51.3 | G78: 0.9 | H78: Yes
A79: CR00025 | B79: youtube | C79: 2026-07 | D79: 77361 | E79: 26.6 | F79: 1.3 | G79: 7.1 | H79: Yes
A80: CR00025 | B80: youtube | C80: 2026-08 | G80: 60.6 | H80: No
A81: CR00027 | B81: all | C81: 2026-07 | E81: 65.2 | G81: 4.9 | H81: No
A82: CR00027 | B82: all | C82: 2026-08 | E82: 76.4 | F82: 27.9 | G82: 0.9 | H82: Yes
A83: CR00027 | B83: youtube | C83: 2026-07 | D83: 12770 | E83: 65.2 | G83: 4.9 | H83: No
A84: CR00027 | B84: youtube | C84: 2026-08 | D84: 12410 | E84: 76.4 | F84: 27.9 | G84: 0.9 | H84: Yes
A85: CR00029 | B85: all | C85: 2026-07 | E85: 21.9 | F85: 47 | G85: 38.2 | H85: No
A86: CR00029 | B86: all | C86: 2026-08 | E86: 23.8 | F86: 45.6 | G86: 25.2 | H86: No
A87: CR00029 | B87: instagram | C87: 2026-07 | D87: 2193478 | E87: 45.4 | F87: 92.9 | G87: 45.4 | H87: Yes
A88: CR00029 | B88: instagram | C88: 2026-08 | D88: 2281430 | E88: 56.5 | F88: 100 | G88: 28 | H88: Yes
A89: CR00029 | B89: tiktok | C89: 2026-07 | D89: 92190 | E89: 1.2 | F89: 21.3 | H89: No
A90: CR00029 | B90: tiktok | C90: 2026-08 | D90: 98580 | E90: 1.2 | F90: 8 | H90: No
A91: CR00029 | B91: youtube | C91: 2026-07 | D91: 12542 | E91: 19 | F91: 26.8 | G91: 30.9 | H91: Yes
A92: CR00029 | B92: youtube | C92: 2026-08 | D92: 12990 | E92: 13.6 | F92: 28.9 | G92: 22.4 | H92: Yes
A93: CR00030 | B93: all | C93: 2026-07 | E93: 46.7 | F93: 59.6 | G93: 50.3 | H93: No
A94: CR00030 | B94: all | C94: 2026-08 | E94: 21.4 | F94: 9.5 | G94: 15 | H94: No
A95: CR00030 | B95: instagram | C95: 2026-07 | H95: No
A96: CR00030 | B96: instagram | C96: 2026-08 | H96: No
A97: CR00030 | B97: tiktok | C97: 2026-07 | D97: 12840 | E97: 23.1 | F97: 24 | H97: No
A98: CR00030 | B98: tiktok | C98: 2026-08 | D98: 12610 | E98: 21.4 | F98: 9.5 | G98: 15 | H98: Yes
A99: CR00030 | B99: youtube | C99: 2026-07 | D99: 876473 | E99: 70.2 | F99: 95.1 | G99: 50.3 | H99: Yes
A100: CR00030 | B100: youtube | C100: 2026-08 | H100: No
A101: CR00031 | B101: all | C101: 2026-07 | E101: 34.8 | F101: 47.7 | G101: 63.7 | H101: Yes
...

Sheet Waterfall
A1: Waterfall progression
A2: Fill rates on the requested scope after each tier (n/a counts as filled)
A4: Measure | B4: After T1 (vendor_b) | C4: After T2 (vendor_a) | D4: After T3 (vendor_c) | E4: Cells filled by T1 | F4: Cells filled by T2 | G4: Cells filled by T3
A5: display_name * | B5: 0.8975 | C5: 0.9812 | D5: 0.985 | E5: 718 | F5: 67 | G5: 3
A6: country * | B6: 0.9012 | C6: 0.9775 | D6: 0.9812 | E6: 721 | F6: 61 | G6: 3
A7: contact_email | B7: 0.7412 | C7: 0.9513 | D7: 0.96 | E7: 593 | F7: 168 | G7: 7
A8: category | B8: 0.8538 | C8: 0.97 | D8: 0.9738 | E8: 683 | F8: 93 | G8: 3
A9: handle * | B9: 0.6162 | C9: 0.8518 | D9: 0.8878 | E9: 1164 | F9: 445 | G9: 68
A10: follower_count * | B10: 0.603 | C10: 0.8417 | D10: 0.8767 | E10: 1139 | F10: 451 | G10: 66
A11: The Pulse (90d Reach Rate) * | B11: 0.5611 | C11: 0.8152 | D11: 0.8491 | E11: 1060 | F11: 480 | G11: 64
A12: The Lens (90d Growth Rate) * | B12: 0.5146 | C12: 0.7904 | D12: 0.8332 | E12: 972 | F12: 521 | G12: 81
A13: The Hub (90d Meaningful Engagement Rate) * | B13: 0.5156 | C13: 0.7787 | D13: 0.7888 | E13: 924 | F13: 494 | G13: 17
A14: Total cells filled | E14: =SUM(E5:E13) -> 7974 | F14: =SUM(F5:F13) -> 2780 | G14: =SUM(G5:G13) -> 312
A16: Requested channels complete, by channel
A17: instagram (628 requested) | B17: 0.4379 | C17: 0.6529 | D17: 0.6768
A18: tiktok (636 requested) | B18: 0.4481 | C18: 0.5849 | D18: 0.6053
A19: youtube (625 requested) | B19: 0.2336 | C19: 0.8048 | D19: 0.8336
A20: All requested channels complete | B20: 0.3737 | C20: 0.6803 | D20: 0.7046
A21: Creators complete (details + every requested channel) | B21: 0.11 | C21: 0.4088 | D21: 0.4425
A23: Target: every required field and metric ≥ 95%
A24: * required

Sheet Gaps
A1: Still missing (required items only)
A2: Reasons name the vendor: stale data, a missing input for a metric, or an implausible value that was rejected.
A4: Creator ID | B4: Level | C4: Channel | D4: Missing | E4: Reason
A5: CR00213 | B5: creator | D5: display_name | E5: Field empty or invalid in fresh data
A6: CR00251 | B6: creator | D6: display_name, country | E6: No vendor has this creator
A7: CR00318 | B7: creator | D7: country | E7: Field empty or invalid in fresh data
A8: CR00445 | B8: creator | D8: display_name, country | E8: Only stale data (vendor_c)
A9: CR00542 | B9: creator | D9: display_name, country | E9: Only stale data (vendor_c)
A10: CR00628 | B10: creator | D10: display_name, country | E10: Only stale data (vendor_b, vendor_c)
A11: CR00657 | B11: creator | D11: display_name, country | E11: Only stale data (vendor_b)
A12: CR00770 | B12: creator | D12: display_name, country | E12: Only stale data (vendor_a, vendor_c)
A13: CR00788 | B13: creator | D13: country | E13: Field empty or invalid in fresh data
A14: CR00871 | B14: creator | D14: country | E14: Field empty or invalid in fresh data
A15: CR00926 | B15: creator | D15: display_name, country | E15: Only stale data (vendor_b)
A16: CR00943 | B16: creator | D16: display_name, country | E16: Only stale data (vendor_b)
... A20: CR01257 | B20: creator | D20: country | E20: Field empty or invalid in fresh data
A21: CR00000 | B21: channel | C21: youtube | D21: handle, follower_count, 90d Reach Rate, 90d Growth Rate, 90d Meaningful Engagement Rate | E21: Only stale data (vendor_c)
A22: CR00003 | B22: channel | C22: tiktok | D22: handle, follower_count, 90d Reach Rate, 90d Growth Rate, 90d Meaningful Engagement Rate | E22: Only stale data (vendor_b)
A23: CR00004 | B23: channel | C23: instagram | D23: 90d Meaningful Engagement Rate | E23: The Hub: missing likes_90d (vendor_b)
A24: CR00007 | B24: channel | C24: instagram | D24: handle, follower_count, 90d Reach Rate, 90d Growth Rate, 90d Meaningful Engagement Rate | E24: No vendor has this channel
A25: CR00009 | B25: channel | C25: tiktok | D25: handle, 90d Growth Rate | E25: handle empty or invalid | The Lens: imprecise (rounded counts) (vendor_b)
A26: CR00013 | B26: channel | C26: tiktok | D26: handle, follower_count, 90d Reach Rate, 90d Growth Rate, 90d Meaningful Engagement Rate | E26: Only stale data (vendor_c)
A27: CR00025 | B27: channel | C27: instagram | D27: handle, follower_count, 90d Reach Rate, 90d Growth Rate, 90d Meaningful Engagement Rate | E27: No vendor has this channel
A28: CR00025 | B28: channel | C28: youtube | D28: follower_count, 90d Reach Rate, 90d Growth Rate | E28: follower_count empty or invalid | The Pulse: missing follower_count (vendor_a) | The Lens: missing follower_count (vendor_a)
A29: CR00029 | B29: channel | C29: tiktok | D29: 90d Meaningful Engagement Rate | E29: The Hub: missing likes_90d, saves_90d (vendor_c); missing comments_90d (vendor_b)
A30: CR00030 | B30: channel | C30: instagram | D30: handle, follower_count, 90d Reach Rate, 90d Growth Rate, 90d Meaningful Engagement Rate | E30: No vendor has this channel
A31: CR00030 | B31: channel | C31: youtube | D31: handle, follower_count, 90d Reach Rate, 90d Growth Rate, 90d Meaningful Engagement Rate | E31: No vendor has this channel
A32: CR00031 | B32: channel | C32: instagram | D32: 90d Growth Rate | E32: The Lens: imprecise (rounded counts) (vendor_b)
... A577: CR01495 | B577: channel | C577: youtube | D577: follower_count, 90d Reach Rate, 90d Growth Rate | E577: follower_count empty or invalid | The Pulse: missing follower_count (vendor_a) | The Lens: missing follower_count (vendor_a)

Sheet Decision Log
A1: Agent decision log
A2: Every accept / flag / go / skip / stop decision with the reason behind it
A4: # | B4: Step | C4: Decision | D4: Reason
A5: 1 | B5: recognise | C5: vendor_c | D5: Book1.xlsx → vendor_c (matched 88%; next best vendor_a 0%)
A6: 2 | B6: learn | C6: note | D6: vendor_c sent new column(s) we don't use: notes
A7: 3 | B7: recognise | C7: vendor_a | D7: creator_data_0812.xlsx → vendor_a (matched 90%; next best vendor_b 0%)
A8: 4 | B8: recognise | C8: vendor_b | D8: social_export_aug.xlsx → vendor_b (matched 90%; next best vendor_a 0%)
A9: 5 | B9: request | C9: accept | D9: 800 creators, 1889 channels requested (instagram 628, tiktok 636, youtube 625); 465 need 3 channels, 159 need 2 channels, 176 need 1 channel
A10: 6 | B10: history | C10: blend | D10: vendor_c: this month 0.67; 1-month reliability 0.56 (QA average 0.66, review accuracy 31% over 13 reviewed dispute(s); up) → blended 0.66 at 15% reliability weight
A11: 7 | B11: qa | C11: note | D11: vendor_c doesn't supply saves_90d; metrics that need it can't come from vendor_c (except where a platform override doesn't use it)
A12: 8 | B12: qa | C12: flag | D12: vendor_c: 23 metric values outside plausible bounds were rejected
A13: 9 | B13: history | C13: blend | D13: vendor_a: this month 0.85; 1-month reliability 0.76 (QA average 0.85, review accuracy 56% over 16 reviewed dispute(s); up) → blended 0.84 at 15% reliability weight
A14: 10 | B14: history | C14: blend | D14: vendor_b: this month 0.86; 1-month reliability 0.76 (QA average 0.85, review accuracy 57% over 21 reviewed dispute(s); up) → blended 0.84 at 15% reliability weight
A15: 11 | B15: qa | C15: flag | D15: vendor_b: 140 metric values rejected because rounded counts could move them by more than 5%; a lower tier fills them if it can
A16: 12 | B16: tiering | C16: tier 1 | D16: score 0.84: fresh coverage 64% of requested channels (strongest on tiktok 77%), freshness 88%, metrics computable: The Pulse 88%, The Lens 80%, The Hub 76%
... A26: 22 | B26: review | C26: 31 decision(s) applied | D26: 0 blocked item(s) still open

Sheet Blocked — review
A1: Blocked records — human review
A2: Only these creator-channels / metrics are held back; everything else was processed. Fill the orange Decision column (and Manual value where needed), then run review.py with this file.
A4: Review ID | B4: Status | C4: Creator ID | D4: Creator | E4: Channel | F4: Field(s) held back | G4: Reason code | H4: Severity | I4: vendor_a value | J4: vendor_b value | K4: vendor_c value | L4: Discrepancy | M4: Source information | N4: Explanation | O4: Recommended action | P4: Decision | Q4: Manual value | R4: Reviewer | S4: Note | T4: Final value | U4: Final source | V4: Reviewed at
A5: Q00002 | B5: resolved | C5: CR00407 | D5: Creator 407 | E5: youtube | F5: whole channel (identity) | G5: IDENTITY_MATCH_UNCERTAIN | H5: RED | J5: @creator327_youtube | K5: @creator407_youtube | M5: Tier order T1 vendor_b > T2 vendor_a > T3 vendor_c. Would have used: — | N5: Vendors report different accounts for this creator-channel (vendor_c: @creator407_youtube; vendor_b: @creator327_youtube), with no majority. None of their data is used until reviewed. | O5: Check the accounts on the platform. CONFIRM_MATCH if they're the same creator, SELECT_VENDOR_x to keep only the vendor with the right account, or REJECT_MATCH / EXCLUDE. | P5: SELECT_VENDOR_C | R5: Simulated reviewer | S5: checked against the platform (sample answer key) | T5: @creator407_youtube | U5: vendor_c | V5: 2026-10-01 05:17:44
A6: Q00003 | B6: resolved | C6: CR01103 | D6: Creator 1103 | E6: instagram | F6: whole channel (identity) | G6: IDENTITY_MATCH_UNCERTAIN | H6: RED | J6: @creator1103_instagram | K6: @creator1248_instagram | M6: Tier order T1 vendor_b > T2 vendor_a > T3 vendor_c. Would have used: — | N6: Vendors report different accounts for this creator-channel (vendor_c: @creator1248_instagram; vendor_b: @creator1103_instagram), with no majority. None of their data is used until reviewed. | O6: Check the accounts on the platform. CONFIRM_MATCH if they're the same creator, SELECT_VENDOR_x to keep only the vendor with the right account, or REJECT_MATCH / EXCLUDE. | P6: SELECT_VENDOR_B | R6: Simulated reviewer | S6: checked against the platform (sample answer key) | T6: @creator1103_instagram | U6: vendor_b | V6: 2026-10-01 05:17:44
A7: Q00004 | B7: resolved | C7: CR01127 | E7: youtube | F7: whole channel (identity) | G7: IDENTITY_MATCH_UNCERTAIN | H7: RED | I7: @creator1127_youtube | K7: @creator1262_youtube | M7: Tier order T1 vendor_b > T2 vendor_a > T3 vendor_c. Would have used: — | N7: Vendors report different accounts for this creator-channel (vendor_c: @creator1262_youtube; vendor_a: @creator1127_youtube), with no majority. None of their data is used until reviewed. | O7: Check the accounts on the platform. CONFIRM_MATCH if they're the same creator, SELECT_VENDOR_x to keep only the vendor with the right account, or REJECT_MATCH / EXCLUDE. | P7: SELECT_VENDOR_A | R7: Simulated reviewer | S7: checked against the platform (sample answer key) | T7: @creator1127_youtube | U7: vendor_a | V7: 2026-10-01 05:17:44
A8: Q00005 | B8: resolved | C8: CR01484 | D8: Creator 1484 | E8: tiktok | F8: whole channel (identity) | G8: IDENTITY_MATCH_UNCERTAIN | H8: RED | J8: @creator606_tiktok | K8: @creator1484_tiktok | M8: Tier order T1 vendor_b > T2 vendor_a > T3 vendor_c. Would have used: — | N8: Vendors report different accounts for this creator-channel (vendor_c: @creator1484_tiktok; vendor_b: @creator606_tiktok), with no majority. None of their data is used until reviewed. | O8: Check the accounts on the platform. CONFIRM_MATCH if they're the same creator, SELECT_VENDOR_x to keep only the vendor with the right account, or REJECT_MATCH / EXCLUDE. | P8: SELECT_VENDOR_C | R8: Simulated reviewer | S8: checked against the platform (sample answer key) | T8: @creator1484_tiktok | U8: vendor_c | V8: 2026-10-01 05:17:44
A9: Q00007 | B9: resolved | C9: CR00322 | D9: Creator 322 | E9: youtube | F9: whole channel (identity) | G9: IDENTITY_MATCH_UNCERTAIN | H9: RED | I9: @creator322_youtube | K9: @creator243_youtube | M9: Tier order T1 vendor_b > T2 vendor_a > T3 vendor_c. Would have used: — | N9: Vendors report different accounts for this creator-channel (vendor_c: @creator243_youtube; vendor_a: @creator322_youtube), with no majority. None of their data is used until reviewed. | O9: Check the accounts on the platform. CONFIRM_MATCH if they're the same creator, SELECT_VENDOR_x to keep only the vendor with the right account, or REJECT_MATCH / EXCLUDE. | P9: SELECT_VENDOR_A | R9: Simulated reviewer | S9: checked against the platform (sample answer key) | T9: @creator322_youtube | U9: vendor_a | V9: 2026-10-01 05:17:44
A10: Q00008 | B10: resolved | C10: CR00811 | D10: Creator 811 | E10: instagram | F10: whole channel (identity) | G10: IDENTITY_MATCH_UNCERTAIN | H10: RED | J10: @creator811_instagram | K10: @creator1307_instagram | M10: Tier order T1 vendor_b > T2 vendor_a > T3 vendor_c. Would have used: — | N10: Vendors report different accounts for this creator-channel (vendor_c: @creator1307_instagram; vendor_b: @creator811_instagram), with no majority. None of their data is used until reviewed. | O10: Check the accounts on the platform. CONFIRM_MATCH if they're the same creator, SELECT_VENDOR_x to keep only the vendor with the right account, or REJECT_MATCH / EXCLUDE. | P10: SELECT_VENDOR_B | R10: Simulated reviewer | S10: checked against the platform (sample answer key) | T10: @creator811_instagram | U10: vendor_b | V10: 2026-10-01 05:17:44
A11: Q00011 | B11: resolved | C11: CR00393 | D11: Creator 393 | E11: instagram | F11: whole channel (identity) | G11: IDENTITY_MATCH_UNCERTAIN | H11: RED | J11: @creator393_instagram | K11: @creator194_instagram | M11: Tier order T1 vendor_b > T2 vendor_a > T3 vendor_c. Would have used: — | N11: Vendors report different accounts for this creator-channel (vendor_c: @creator194_instagram; vendor_b: @creator393_instagram), with no majority. None of their data is used until reviewed. | O11: Check the accounts on the platform. CONFIRM_MATCH if they're the same creator, SELECT_VENDOR_x to keep only the vendor with the right account, or REJECT_MATCH / EXCLUDE. | P11: SELECT_VENDOR_B | R11: Simulated reviewer | S11: checked against the platform (sample answer key) | T11: @creator393_instagram | U11: vendor_b | V11: 2026-10-01 05:17:44
